case_id,customer_id,officer_id,step_name,action,timestamp,loan_amount_sanctioned,collateral_value,collateral_type,product_type,customer_segment,credit_score_bureau,emi_to_income_ratio,customer_age,employment_type,loan_tenor_months,ltv_ratio,mandate_status,kyc_status,sanctions_screening,risk_grade,notes
SPL-001,CUST-2401,OFF001,Application Received and Registration,completed,2025-01-06T09:15:00,450000,620000,Property,Secured Personal Loan - Salaried,Regular,735,42,34,Salaried,60,72.6,,,,B,Customer applied for secured personal loan against residential property. Application documents received and verified for completeness.
SPL-001,CUST-2401,OFF001,Initial Screening and Data Capture,completed,2025-01-06T09:47:00,450000,620000,Property,Secured Personal Loan - Salaried,Regular,735,42,34,Salaried,60,72.6,,,,B,Initial screening passed. All basic eligibility criteria met. Customer age 34 within range. Income verification documents present.
SPL-001,CUST-2401,OFF001,Customer KYC and AML Verification,completed,2025-01-06T10:32:00,450000,620000,Property,Secured Personal Loan - Salaried,Regular,735,42,34,Salaried,60,72.6,,Verified,No,B,KYC completed using Aadhaar and PAN. Address verification done through utility bill. AML screening clear. Sanctions list checked - no matches found.
SPL-001,CUST-2401,OFF001,Document Collection and Verification,completed,2025-01-06T11:18:00,450000,620000,Property,Secured Personal Loan - Salaried,Regular,735,42,34,Salaried,60,72.6,,Verified,No,B,All mandatory documents collected: Salary slips (3 months), bank statements (6 months), employment letter, property documents. All documents verified and valid.
SPL-001,CUST-2401,OFF001,Credit Bureau Check,completed,2025-01-06T13:05:00,450000,620000,Property,Secured Personal Loan - Salaried,Regular,735,42,34,Salaried,60,72.6,,Verified,No,B,CIBIL report obtained. Credit score 735. No adverse credit history. Existing obligations verified - total EMI to income ratio 42% which is acceptable.
SPL-001,CUST-2401,OFF001,Income and Employment Verification,completed,2025-01-06T14:22:00,450000,620000,Property,Secured Personal Loan - Salaried,Regular,735,42,34,Salaried,60,72.6,,Verified,No,B,Income verification completed through employer confirmation. Monthly salary 85000. Employment tenure 4 years with current employer. Stability confirmed.
SPL-001,CUST-2401,OFF001,Collateral Valuation and Verification,completed,2025-01-06T16:45:00,450000,620000,Property,Secured Personal Loan - Salaried,Regular,735,42,34,Salaried,60,72.6,,Verified,No,B,Property valuation completed by empaneled valuer. Market value assessed at 620000. LTV ratio 72.6%. Property located in prime area with good marketability.
SPL-001,CUST-2401,OFF001,Credit Risk Assessment and Scoring,completed,2025-01-07T09:35:00,450000,620000,Property,Secured Personal Loan - Salaried,Regular,735,42,34,Salaried,60,72.6,,Verified,No,B,Risk assessment completed. Risk Grade B assigned based on credit score 735, stable employment, acceptable LTV and EMI ratios. Overall risk profile - Medium risk.
SPL-001,CUST-2401,OFF001,Loan Structuring and Pricing,completed,2025-01-07T10:18:00,450000,620000,Property,Secured Personal Loan - Salaried,Regular,735,42,34,Salaried,60,72.6,,Verified,No,B,Loan structured for 60 months tenure. Interest rate 11.5% per annum. EMI calculated at 9950 per month. Pricing approved as per risk grade B.
SPL-001,CUST-2401,OFF001,Credit Approval (Level 1 - Branch Manager),approved,2025-01-07T11:42:00,450000,620000,Property,Secured Personal Loan - Salaried,Regular,735,42,34,Salaried,60,72.6,,Verified,No,B,Branch Manager approval granted. Loan amount 450000 within approval authority. All pre-approval conditions met. Risk grade acceptable for Branch Manager approval.
SPL-001,CUST-2401,OFF001,Legal Security Creation and Registration,completed,2025-01-08T11:20:00,450000,620000,Property,Secured Personal Loan - Salaried,Regular,735,42,34,Salaried,60,72.6,,Verified,No,B,Mortgage deed executed and registered with sub-registrar. Original property documents deposited with bank. Encumbrance certificate obtained confirming first charge.
SPL-001,CUST-2401,OFF001,EMI Mandate Setup (NACH/Standing Instruction),completed,2025-01-08T14:05:00,450000,620000,Property,Secured Personal Loan - Salaried,Regular,735,42,34,Salaried,60,72.6,Active,Verified,No,B,NACH mandate set up successfully. Mandate registered with customer salary account. Mandate amount 11000 (EMI + buffer). Status confirmed as Active.
SPL-001,CUST-2401,OFF001,Final Pre-Disbursement Quality Check,completed,2025-01-08T15:48:00,450000,620000,Property,Secured Personal Loan - Salaried,Regular,735,42,34,Salaried,60,72.6,Active,Verified,No,B,Pre-disbursement QC completed. All mandatory conditions verified: approval obtained, KYC complete, documents verified, security registered, mandate active. Ready for disbursement.
SPL-001,CUST-2401,OFF001,Loan Disbursement,completed,2025-01-09T09:23:00,450000,620000,Property,Secured Personal Loan - Salaried,Regular,735,42,34,Salaried,60,72.6,Active,Verified,No,B,Loan amount 450000 disbursed via RTGS to customer account. Disbursement confirmed. Welcome letter and repayment schedule sent to customer.
SPL-001,CUST-2401,OFF001,Post-Disbursement Documentation,completed,2025-01-09T11:40:00,450000,620000,Property,Secured Personal Loan - Salaried,Regular,735,42,34,Salaried,60,72.6,Active,Verified,No,B,Post-disbursement documentation completed. Loan agreement copy provided to customer. All documents filed properly in digital loan management system.
SPL-001,CUST-2401,OFF001,Post-Disbursement Quality Audit,completed,2025-01-09T16:12:00,450000,620000,Property,Secured Personal Loan - Salaried,Regular,735,42,34,Salaried,60,72.6,Active,Verified,No,B,Post-disbursement QA completed within 48 hours. All checklist items verified. Quality check passed. No adverse findings. Case closed as compliant.
SPL-002,CUST-2402,OFF002,Application Received and Registration,completed,2025-01-06T10:05:00,2500000,3100000,Property,Secured Personal Loan - Self-Employed,Premium,765,38,42,Self-Employed,72,80.6,,,,A,High value loan application received from premium customer. Self-employed professional with established business. Property documents indicate commercial property collateral.
SPL-002,CUST-2402,OFF002,Initial Screening and Data Capture,completed,2025-01-06T10:38:00,2500000,3100000,Property,Secured Personal Loan - Self-Employed,Premium,765,38,42,Self-Employed,72,80.6,,,,A,Screening completed. Premium segment customer with existing relationship. Business vintage 8 years. All initial eligibility criteria satisfied.
SPL-002,CUST-2402,OFF002,Customer KYC and AML Verification,completed,2025-01-06T11:52:00,2500000,3100000,Property,Secured Personal Loan - Self-Employed,Premium,765,38,42,Self-Employed,72,80.6,,Verified,No,A,KYC verification completed. Enhanced due diligence performed for high value loan. AML checks clear. Source of income verified through business financials and ITR.
SPL-002,CUST-2402,OFF002,Document Collection and Verification,completed,2025-01-06T13:47:00,2500000,3100000,Property,Secured Personal Loan - Self-Employed,Premium,765,38,42,Self-Employed,72,80.6,,Verified,No,A,Self-employed documents collected: ITR last 2 years, business bank statements 12 months, GST returns, balance sheet and P&L. All documents verified authentic and current.
SPL-002,CUST-2402,OFF002,Credit Bureau Check,completed,2025-01-06T15:20:00,2500000,3100000,Property,Secured Personal Loan - Self-Employed,Premium,765,38,42,Self-Employed,72,80.6,,Verified,No,A,CIBIL score 765 - Excellent credit history. No adverse remarks. Existing loans serviced regularly. Total obligations within acceptable range for income level.
SPL-002,CUST-2402,OFF002,Income and Employment Verification,completed,2025-01-07T10:15:00,2500000,3100000,Property,Secured Personal Loan - Self-Employed,Premium,765,38,42,Self-Employed,72,80.6,,Verified,No,A,Business income verified through ITR and bank statements. Average monthly income 285000. Business stability confirmed through registration certificates and continuous operation.
SPL-002,CUST-2402,OFF002,Collateral Valuation and Verification,completed,2025-01-07T14:58:00,2500000,3100000,Property,Secured Personal Loan - Self-Employed,Premium,765,38,42,Self-Employed,72,80.6,,Verified,No,A,DEVIATION: Loan amount exceeds 1M but LTV is 80.6% which is above 80% threshold. This requires Credit Committee approval but proceeding with Regional Manager only.
SPL-002,CUST-2402,OFF002,Credit Risk Assessment and Scoring,completed,2025-01-08T09:42:00,2500000,3100000,Property,Secured Personal Loan - Self-Employed,Premium,765,38,42,Self-Employed,72,80.6,,Verified,No,A,Risk Grade A assigned. Excellent credit profile. Strong business fundamentals. Despite high LTV, customer segment and credit score support approval.
SPL-002,CUST-2402,OFF002,Loan Structuring and Pricing,completed,2025-01-08T10:35:00,2500000,3100000,Property,Secured Personal Loan - Self-Employed,Premium,765,38,42,Self-Employed,72,80.6,,Verified,No,A,Loan structured for 72 months. Interest rate 10.8% (preferential rate for premium customer). EMI 47500. Pricing approved.
SPL-002,CUST-2402,OFF002,Credit Approval (Level 2 - Regional Credit Manager),approved,2025-01-08T11:28:00,2500000,3100000,Property,Secured Personal Loan - Self-Employed,Premium,765,38,42,Self-Employed,72,80.6,,Verified,No,A,Regional Credit Manager approved. However DEVIATION: LTV 80.6% exceeds 80% limit and requires Credit Committee approval as per SOP Section 8.2. This approval is insufficient.
SPL-002,CUST-2402,OFF002,Legal Security Creation and Registration,completed,2025-01-09T13:45:00,2500000,3100000,Property,Secured Personal Loan - Self-Employed,Premium,765,38,42,Self-Employed,72,80.6,,Verified,No,A,Legal documentation completed. Mortgage registered. Property insurance obtained for full loan amount. Bank named as loss payee.
SPL-002,CUST-2402,OFF002,EMI Mandate Setup (NACH/Standing Instruction),completed,2025-01-09T15:20:00,2500000,3100000,Property,Secured Personal Loan - Self-Employed,Premium,765,38,42,Self-Employed,72,80.6,Active,Verified,No,A,NACH mandate set up on business account. Mandate amount 52000. Status Active and confirmed.
SPL-002,CUST-2402,OFF002,Final Pre-Disbursement Quality Check,completed,2025-01-10T09:15:00,2500000,3100000,Property,Secured Personal Loan - Self-Employed,Premium,765,38,42,Self-Employed,72,80.6,Active,Verified,No,A,QC completed. All conditions met except Credit Committee approval for high LTV. Quality checker approved despite this deviation.
SPL-002,CUST-2402,OFF002,Loan Disbursement,completed,2025-01-10T10:38:00,2500000,3100000,Property,Secured Personal Loan - Self-Employed,Premium,765,38,42,Self-Employed,72,80.6,Active,Verified,No,A,Amount 2500000 disbursed to customer account. High value disbursement completed through RTGS.
SPL-002,CUST-2402,OFF002,Post-Disbursement Documentation,completed,2025-01-10T13:20:00,2500000,3100000,Property,Secured Personal Loan - Self-Employed,Premium,765,38,42,Self-Employed,72,80.6,Active,Verified,No,A,Post-disbursement documents provided to customer. Repayment schedule and welcome letter sent.
SPL-002,CUST-2402,OFF002,Post-Disbursement Quality Audit,completed,2025-01-10T16:45:00,2500000,3100000,Property,Secured Personal Loan - Self-Employed,Premium,765,38,42,Self-Employed,72,80.6,Active,Verified,No,A,QA completed within 48 hours. Noted the LTV exception approval issue but case processed.
SPL-003,CUST-2403,OFF004,Application Received and Registration,completed,2025-01-06T11:20:00,750000,950000,Gold,Secured Personal Loan - Gold Backed,Regular,680,48,38,Self-Employed,48,78.9,,,,C,Gold backed loan application. Customer bringing 22 carat gold ornaments as collateral. Quick processing required by customer.
SPL-003,CUST-2403,OFF004,Initial Screening and Data Capture,completed,2025-01-06T11:35:00,750000,950000,Gold,Secured Personal Loan - Gold Backed,Regular,680,48,38,Self-Employed,48,78.9,,,,C,Initial screening done. Customer meets basic eligibility. Credit score on lower side at 680 which requires enhanced approval.
SPL-003,CUST-2403,OFF004,Credit Bureau Check,completed,2025-01-06T12:05:00,750000,950000,Gold,Secured Personal Loan - Gold Backed,Regular,680,48,38,Self-Employed,48,78.9,,,,C,Credit score 680 obtained. Score is in 650-699 range requiring Regional Credit Manager approval per SOP Section 8.2.
SPL-003,CUST-2403,OFF004,Customer KYC and AML Verification,completed,2025-01-06T14:22:00,750000,950000,Gold,Secured Personal Loan - Gold Backed,Regular,680,48,38,Self-Employed,48,78.9,,Verified,No,C,KYC verification done. Documents verified. No sanctions hits.
SPL-003,CUST-2403,OFF004,Document Collection and Verification,completed,2025-01-06T15:08:00,750000,950000,Gold,Secured Personal Loan - Gold Backed,Regular,680,48,38,Self-Employed,48,78.9,,Verified,No,C,DEVIATION: Documents collected but sequence violation - Credit Bureau Check done before KYC completion. Should be KYC first then Credit Check per mandatory sequence.
SPL-003,CUST-2403,OFF004,Collateral Valuation and Verification,completed,2025-01-07T09:50:00,750000,950000,Gold,Secured Personal Loan - Gold Backed,Regular,680,48,38,Self-Employed,48,78.9,,Verified,No,C,Gold valuation completed. Total 950 grams of 22 carat gold. Market value 950000 as per current gold rates. Purity verified by certified assessor.
SPL-003,CUST-2403,OFF004,Income and Employment Verification,completed,2025-01-07T10:40:00,750000,950000,Gold,Secured Personal Loan - Gold Backed,Regular,680,48,38,Self-Employed,48,78.9,,Verified,No,C,Business income verification done through bank statements. Income adequate for EMI repayment.
SPL-003,CUST-2403,OFF004,Credit Risk Assessment and Scoring,completed,2025-01-07T11:25:00,750000,950000,Gold,Secured Personal Loan - Gold Backed,Regular,680,48,38,Self-Employed,48,78.9,,Verified,No,C,Risk Grade C assigned due to credit score 680 in higher risk range. Gold collateral mitigates risk to some extent.
SPL-003,CUST-2403,OFF004,Loan Structuring and Pricing,completed,2025-01-07T11:52:00,750000,950000,Gold,Secured Personal Loan - Gold Backed,Regular,680,48,38,Self-Employed,48,78.9,,Verified,No,C,Loan tenor 48 months. Interest rate 13.5% (higher rate due to Risk Grade C). EMI 19800.
SPL-003,CUST-2403,OFF004,Credit Approval (Level 1 - Branch Manager),approved,2025-01-07T12:15:00,750000,950000,Gold,Secured Personal Loan - Gold Backed,Regular,680,48,38,Self-Employed,48,78.9,,Verified,No,C,CRITICAL DEVIATION: Branch Manager approved Risk Grade C loan. Per SOP Section 8.2 credit score 650-699 requires Regional Credit Manager approval mandatory. This approval is insufficient.
SPL-003,CUST-2403,OFF004,Legal Security Creation and Registration,completed,2025-01-08T10:20:00,750000,950000,Gold,Secured Personal Loan - Gold Backed,Regular,680,48,38,Self-Employed,48,78.9,,Verified,No,C,Gold taken into physical possession. Stored in bank strong room. Insurance obtained for full gold value.
SPL-003,CUST-2403,OFF004,EMI Mandate Setup (NACH/Standing Instruction),completed,2025-01-08T11:05:00,750000,950000,Gold,Secured Personal Loan - Gold Backed,Regular,680,48,38,Self-Employed,48,78.9,Pending,Verified,No,C,DEVIATION: Mandate setup initiated but status showing as Pending not Active. Per SOP Section 9.2 mandate must be Active before disbursement.
SPL-003,CUST-2403,OFF004,Final Pre-Disbursement Quality Check,completed,2025-01-08T11:45:00,750000,950000,Gold,Secured Personal Loan - Gold Backed,Regular,680,48,38,Self-Employed,48,78.9,Pending,Verified,No,C,QC signed off. However multiple deviations present: insufficient approval authority, mandate not active. QC should have caught these.
SPL-003,CUST-2403,OFF004,Loan Disbursement,completed,2025-01-08T14:30:00,750000,950000,Gold,Secured Personal Loan - Gold Backed,Regular,680,48,38,Self-Employed,48,78.9,Pending,Verified,No,C,CRITICAL DEVIATION: Loan disbursed despite mandate status Pending not Active. This violates mandatory pre-disbursement condition per Section 9.1.
SPL-003,CUST-2403,OFF004,Post-Disbursement Documentation,completed,2025-01-08T16:10:00,750000,950000,Gold,Secured Personal Loan - Gold Backed,Regular,680,48,38,Self-Employed,48,78.9,Pending,Verified,No,C,Documentation completed. Repayment schedule provided.
SPL-003,CUST-2403,OFF004,Post-Disbursement Quality Audit,completed,2025-01-10T17:20:00,750000,950000,Gold,Secured Personal Loan - Gold Backed,Regular,680,48,38,Self-Employed,48,78.9,Pending,Verified,No,C,TEMPORAL DEVIATION: QA completed 54 hours after disbursement. SOP Section 9.6 requires completion within 48 hours. Multiple compliance failures noted in this case.
SPL-004,CUST-2404,OFF005,Application Received and Registration,completed,2025-01-06T13:15:00,180000,250000,Property,Secured Personal Loan - Salaried,Regular,710,39,28,Salaried,36,72.0,,,,B,Small ticket loan application. Young customer with good credit score seeking property backed loan.
SPL-004,CUST-2404,OFF005,Initial Screening and Data Capture,completed,2025-01-06T13:42:00,180000,250000,Property,Secured Personal Loan - Salaried,Regular,710,39,28,Salaried,36,72.0,,,,B,Initial verification completed successfully. All basic criteria met for processing.
SPL-004,CUST-2404,OFF005,Customer KYC and AML Verification,completed,2025-01-06T14:35:00,180000,250000,Property,Secured Personal Loan - Salaried,Regular,710,39,28,Salaried,36,72.0,,Verified,No,B,KYC process completed using eKYC. Aadhaar based verification done. No AML concerns.
SPL-004,CUST-2404,OFF005,Document Collection and Verification,completed,2025-01-06T15:58:00,180000,250000,Property,Secured Personal Loan - Salaried,Regular,710,39,28,Salaried,36,72.0,,Verified,No,B,Documents collected and verified. Salary slips, bank statements, property papers all in order.
SPL-004,CUST-2404,OFF005,Credit Bureau Check,completed,2025-01-07T09:28:00,180000,250000,Property,Secured Personal Loan - Salaried,Regular,710,39,28,Salaried,36,72.0,,Verified,No,B,Credit check completed. Score 710 is good. No negative history found.
SPL-004,CUST-2404,OFF005,Income and Employment Verification,completed,2025-01-07T10:52:00,180000,250000,Property,Secured Personal Loan - Salaried,Regular,710,39,28,Salaried,36,72.0,,Verified,No,B,Employment verified with employer. Monthly salary 52000. Employment tenure 3 years.
SPL-004,CUST-2404,OFF005,Collateral Valuation and Verification,completed,2025-01-07T13:45:00,180000,250000,Property,Secured Personal Loan - Salaried,Regular,710,39,28,Salaried,36,72.0,,Verified,No,B,Property valuation done. Market value 250000. LTV 72% which is acceptable.
SPL-004,CUST-2404,OFF005,Credit Risk Assessment and Scoring,completed,2025-01-07T14:38:00,180000,250000,Property,Secured Personal Loan - Salaried,Regular,710,39,28,Salaried,36,72.0,,Verified,No,B,Risk assessment completed. Risk Grade B. Medium risk profile acceptable for approval.
SPL-004,CUST-2404,OFF005,Loan Structuring and Pricing,completed,2025-01-07T15:15:00,180000,250000,Property,Secured Personal Loan - Salaried,Regular,710,39,28,Salaried,36,72.0,,Verified,No,B,Loan structured for 36 months tenor. Interest rate 12.2%. EMI 6020 per month.
SPL-004,CUST-2404,OFF005,Credit Approval (Level 1 - Branch Manager),approved,2025-01-07T15:52:00,180000,250000,Property,Secured Personal Loan - Salaried,Regular,710,39,28,Salaried,36,72.0,,Verified,No,B,Branch Manager approval obtained. Small ticket loan within approval limits. All conditions satisfied.
SPL-004,CUST-2404,OFF005,Legal Security Creation and Registration,completed,2025-01-08T11:30:00,180000,250000,Property,Secured Personal Loan - Salaried,Regular,710,39,28,Salaried,36,72.0,,Verified,No,B,Mortgage registration completed. Security documentation done properly.
SPL-004,CUST-2404,OFF005,EMI Mandate Setup (NACH/Standing Instruction),completed,2025-01-08T13:20:00,180000,250000,Property,Secured Personal Loan - Salaried,Regular,710,39,28,Salaried,36,72.0,Active,Verified,No,B,NACH mandate registered successfully. Status Active. Ready for disbursement.
SPL-004,CUST-2404,OFF005,Final Pre-Disbursement Quality Check,completed,2025-01-08T14:45:00,180000,250000,Property,Secured Personal Loan - Salaried,Regular,710,39,28,Salaried,36,72.0,Active,Verified,No,B,Pre-disbursement quality check completed. All conditions met.
SPL-004,CUST-2404,OFF005,Loan Disbursement,completed,2025-01-08T16:15:00,180000,250000,Property,Secured Personal Loan - Salaried,Regular,710,39,28,Salaried,36,72.0,Active,Verified,No,B,Loan amount disbursed successfully via NEFT to customer account.
SPL-004,CUST-2404,OFF005,Post-Disbursement Documentation,completed,2025-01-09T09:40:00,180000,250000,Property,Secured Personal Loan - Salaried,Regular,710,39,28,Salaried,36,72.0,Active,Verified,No,B,All post-disbursement documents provided to customer properly.
SPL-004,CUST-2404,OFF005,Post-Disbursement Quality Audit,completed,2025-01-09T15:30:00,180000,250000,Property,Secured Personal Loan - Salaried,Regular,710,39,28,Salaried,36,72.0,Active,Verified,No,B,Quality audit completed within 48 hours. Case fully compliant. No deviations found.
SPL-005,CUST-2405,OFF001,Application Received and Registration,completed,2025-01-06T14:25:00,3500000,4200000,Property,Secured Personal Loan - Self-Employed,Premium,755,44,45,Self-Employed,84,83.3,,,,A,Large ticket loan application from premium self-employed customer. High value property collateral.
SPL-005,CUST-2405,OFF001,Initial Screening and Data Capture,completed,2025-01-06T15:18:00,3500000,4200000,Property,Secured Personal Loan - Self-Employed,Premium,755,44,45,Self-Employed,84,83.3,,,,A,Screening completed. Premium customer with strong profile. High loan amount requires Credit Committee approval.
SPL-005,CUST-2405,OFF001,Customer KYC and AML Verification,completed,2025-01-07T10:05:00,3500000,4200000,Property,Secured Personal Loan - Self-Employed,Premium,755,44,45,Self-Employed,84,83.3,,Verified,No,A,Enhanced due diligence performed for high value loan. KYC completed thoroughly. Source of wealth verified.
SPL-005,CUST-2405,OFF001,Document Collection and Verification,completed,2025-01-07T11:42:00,3500000,4200000,Property,Secured Personal Loan - Self-Employed,Premium,755,44,45,Self-Employed,84,83.3,,Verified,No,A,Complete self-employed documentation collected: ITR 2 years, business financials, GST returns, bank statements. All authentic and verified.
SPL-005,CUST-2405,OFF001,Credit Bureau Check,completed,2025-01-07T13:15:00,3500000,4200000,Property,Secured Personal Loan - Self-Employed,Premium,755,44,45,Self-Employed,84,83.3,,Verified,No,A,Excellent credit score 755. Clean credit history. Existing obligations well managed.
SPL-005,CUST-2405,OFF001,Income and Employment Verification,completed,2025-01-07T14:50:00,3500000,4200000,Property,Secured Personal Loan - Self-Employed,Premium,755,44,45,Self-Employed,84,83.3,,Verified,No,A,Business income verified. Average monthly income 420000 over last 24 months. Business vintage 12 years - very stable.
SPL-005,CUST-2405,OFF001,Collateral Valuation and Verification,completed,2025-01-08T10:35:00,3500000,4200000,Property,Secured Personal Loan - Self-Employed,Premium,755,44,45,Self-Employed,84,83.3,,Verified,No,A,Property valuation completed by two independent valuers as required for high value. Market value 4200000. LTV 83.3% is high and requires Credit Committee approval.
SPL-005,CUST-2405,OFF001,Credit Risk Assessment and Scoring,completed,2025-01-08T11:52:00,3500000,4200000,Property,Secured Personal Loan - Self-Employed,Premium,755,44,45,Self-Employed,84,83.3,,Verified,No,A,Risk Grade A. Excellent profile despite high LTV. Strong compensating factors present.
SPL-005,CUST-2405,OFF001,Loan Structuring and Pricing,completed,2025-01-08T13:10:00,3500000,4200000,Property,Secured Personal Loan - Self-Employed,Premium,755,44,45,Self-Employed,84,83.3,,Verified,No,A,Loan structured for maximum tenor 84 months. Preferential interest rate 10.5% for premium customer. EMI 62500.
SPL-005,CUST-2405,OFF001,Credit Approval (Level 1 - Branch Manager),approved,2025-01-08T14:25:00,3500000,4200000,Property,Secured Personal Loan - Self-Employed,Premium,755,44,45,Self-Employed,84,83.3,,Verified,No,A,DEVIATION: Branch Manager approved 3.5M loan. Per SOP Section 8.1 loans above 3M require Credit Committee approval mandatory. This approval insufficient.
SPL-005,CUST-2405,OFF001,Legal Security Creation and Registration,completed,2025-01-09T11:45:00,3500000,4200000,Property,Secured Personal Loan - Self-Employed,Premium,755,44,45,Self-Employed,84,83.3,,Verified,No,A,Legal documentation completed. High value property mortgage registered properly with all formalities.
SPL-005,CUST-2405,OFF001,EMI Mandate Setup (NACH/Standing Instruction),completed,2025-01-09T13:30:00,3500000,4200000,Property,Secured Personal Loan - Self-Employed,Premium,755,44,45,Self-Employed,84,83.3,Active,Verified,No,A,NACH mandate set up on business account. Mandate amount 68000. Status confirmed Active.
SPL-005,CUST-2405,OFF001,Final Pre-Disbursement Quality Check,completed,2025-01-09T14:55:00,3500000,4200000,Property,Secured Personal Loan - Self-Employed,Premium,755,44,45,Self-Employed,84,83.3,Active,Verified,No,A,QC completed but missed the Credit Committee approval requirement for high value loan. Approved for disbursement.
SPL-005,CUST-2405,OFF001,Loan Disbursement,completed,2025-01-09T16:20:00,3500000,4200000,Property,Secured Personal Loan - Self-Employed,Premium,755,44,45,Self-Employed,84,83.3,Active,Verified,No,A,High value loan 3500000 disbursed via RTGS. Transaction confirmed successful.
SPL-005,CUST-2405,OFF001,Post-Disbursement Documentation,completed,2025-01-10T10:15:00,3500000,4200000,Property,Secured Personal Loan - Self-Employed,Premium,755,44,45,Self-Employed,84,83.3,Active,Verified,No,A,All post-disbursement documentation completed. Customer provided with all necessary documents.
SPL-005,CUST-2405,OFF001,Post-Disbursement Quality Audit,completed,2025-01-10T15:40:00,3500000,4200000,Property,Secured Personal Loan - Self-Employed,Premium,755,44,45,Self-Employed,84,83.3,Active,Verified,No,A,Post-disbursement QA done within timeline. Approval authority deviation noted but case already disbursed.
SPL-006,CUST-2406,OFF004,Application Received and Registration,completed,2025-01-06T15:45:00,850000,1050000,Property,Secured Personal Loan - Salaried,Regular,695,52,36,Salaried,60,81.0,,,,B,Application received for property backed loan. Customer has borderline credit score requiring enhanced scrutiny.
SPL-006,CUST-2406,OFF004,Initial Screening and Data Capture,completed,2025-01-06T16:10:00,850000,1050000,Property,Secured Personal Loan - Salaried,Regular,695,52,36,Salaried,60,81.0,,,,B,Verified and approved as per policy.
SPL-006,CUST-2406,OFF004,Document Collection and Verification,completed,2025-01-07T09:15:00,850000,1050000,Property,Secured Personal Loan - Salaried,Regular,695,52,36,Salaried,60,81.0,,Verified,No,B,Verified and approved as per policy.
SPL-006,CUST-2406,OFF004,Customer KYC and AML Verification,completed,2025-01-07T09:40:00,850000,1050000,Property,Secured Personal Loan - Salaried,Regular,695,52,36,Salaried,60,81.0,,Verified,No,B,DEVIATION: KYC done after document verification. Correct sequence is KYC before document verification per mandatory workflow Section 2.1.
SPL-006,CUST-2406,OFF004,Credit Bureau Check,completed,2025-01-07T10:15:00,850000,1050000,Property,Secured Personal Loan - Salaried,Regular,695,52,36,Salaried,60,81.0,,Verified,No,B,Credit score 695 falls in 650-699 range. Requires Regional Credit Manager approval per SOP Section 8.2.
SPL-006,CUST-2406,OFF004,Income and Employment Verification,completed,2025-01-07T10:48:00,850000,1050000,Property,Secured Personal Loan - Salaried,Regular,695,52,36,Salaried,60,81.0,,Verified,No,B,Verified and approved as per policy.
SPL-006,CUST-2406,OFF004,Collateral Valuation and Verification,completed,2025-01-07T11:30:00,850000,1050000,Property,Secured Personal Loan - Salaried,Regular,695,52,36,Salaried,60,81.0,,Verified,No,B,Verified and approved as per policy.
SPL-006,CUST-2406,OFF004,Credit Risk Assessment and Scoring,completed,2025-01-07T11:55:00,850000,1050000,Property,Secured Personal Loan - Salaried,Regular,695,52,36,Salaried,60,81.0,,Verified,No,B,Verified and approved as per policy.
SPL-006,CUST-2406,OFF004,Loan Structuring and Pricing,completed,2025-01-07T12:18:00,850000,1050000,Property,Secured Personal Loan - Salaried,Regular,695,52,36,Salaried,60,81.0,,Verified,No,B,Verified and approved as per policy.
SPL-006,CUST-2406,OFF004,Credit Approval (Level 1 - Branch Manager),approved,2025-01-07T12:42:00,850000,1050000,Property,Secured Personal Loan - Salaried,Regular,695,52,36,Salaried,60,81.0,,Verified,No,B,DEVIATION: Branch Manager approved credit score 695 case. SOP Section 8.2 requires Regional Manager approval for scores 650-699. FW PATTERN: Repetitive generic notes showing lack of due diligence.
SPL-006,CUST-2406,OFF004,Legal Security Creation and Registration,completed,2025-01-08T10:05:00,850000,1050000,Property,Secured Personal Loan - Salaried,Regular,695,52,36,Salaried,60,81.0,,Verified,No,B,Verified and approved as per policy.
SPL-006,CUST-2406,OFF004,EMI Mandate Setup (NACH/Standing Instruction),completed,2025-01-08T10:42:00,850000,1050000,Property,Secured Personal Loan - Salaried,Regular,695,52,36,Salaried,60,81.0,Set,Verified,No,B,Verified and approved as per policy.
SPL-006,CUST-2406,OFF004,Final Pre-Disbursement Quality Check,completed,2025-01-08T11:15:00,850000,1050000,Property,Secured Personal Loan - Salaried,Regular,695,52,36,Salaried,60,81.0,Set,Verified,No,B,Verified and approved as per policy.
SPL-006,CUST-2406,OFF004,Loan Disbursement,completed,2025-01-08T11:50:00,850000,1050000,Property,Secured Personal Loan - Salaried,Regular,695,52,36,Salaried,60,81.0,Set,Verified,No,B,Verified and approved as per policy.
SPL-006,CUST-2406,OFF004,Post-Disbursement Documentation,completed,2025-01-08T13:25:00,850000,1050000,Property,Secured Personal Loan - Salaried,Regular,695,52,36,Salaried,60,81.0,Set,Verified,No,B,Verified and approved as per policy.
SPL-006,CUST-2406,OFF004,Post-Disbursement Quality Audit,completed,2025-01-08T15:40:00,850000,1050000,Property,Secured Personal Loan - Salaried,Regular,695,52,36,Salaried,60,81.0,Set,Verified,No,B,"Verified and approved as per policy. FABRICATED WORKFLOW DETECTED: All notes identical ""Verified and approved as per policy"" suggesting copy-paste without actual review."
SPL-007,CUST-2407,OFF002,Application Received and Registration,completed,2025-01-07T09:30:00,620000,800000,Property,Secured Personal Loan - Salaried,Regular,742,41,32,Salaried,60,77.5,,,,B,Standard loan application received. Customer profile looks good with decent credit score.
SPL-007,CUST-2407,OFF002,Initial Screening and Data Capture,completed,2025-01-07T10:12:00,620000,800000,Property,Secured Personal Loan - Salaried,Regular,742,41,32,Salaried,60,77.5,,,,B,Initial screening shows all basic eligibility criteria met. Proceeding to detailed verification.
SPL-007,CUST-2407,OFF002,Customer KYC and AML Verification,completed,2025-01-07T11:05:00,620000,800000,Property,Secured Personal Loan - Salaried,Regular,742,41,32,Salaried,60,77.5,,Verified,No,B,KYC completed using Aadhaar eKYC and PAN verification. AML screening clear. No sanctions list matches.
SPL-007,CUST-2407,OFF002,Document Collection and Verification,completed,2025-01-07T13:28:00,620000,800000,Property,Secured Personal Loan - Salaried,Regular,742,41,32,Salaried,60,77.5,,Verified,No,B,All salary documents collected: 3 months salary slips, 6 months bank statements, employment letter. Property title documents collected and appear in order.
SPL-007,CUST-2407,OFF002,Credit Bureau Check,completed,2025-01-07T14:45:00,620000,800000,Property,Secured Personal Loan - Salaried,Regular,742,41,32,Salaried,60,77.5,,Verified,No,B,CIBIL report obtained. Credit score 742 which is good. One instance of 30 DPD on credit card 18 months ago but otherwise clean history.
SPL-007,CUST-2407,OFF002,Income and Employment Verification,completed,2025-01-07T15:52:00,620000,800000,Property,Secured Personal Loan - Salaried,Regular,742,41,32,Salaried,60,77.5,,Verified,No,B,Employment confirmed with employer HR. Current tenure 2.5 years. Total work experience 8 years. Monthly salary 96000.
SPL-007,CUST-2407,OFF002,Collateral Valuation and Verification,completed,2025-01-08T10:25:00,620000,800000,Property,Secured Personal Loan - Salaried,Regular,742,41,32,Salaried,60,77.5,,Verified,No,B,Property valuation by empaneled valuer. Residential property in good locality. Market value assessed at 800000. LTV 77.5%.
SPL-007,CUST-2407,OFF002,Credit Risk Assessment and Scoring,completed,2025-01-08T11:38:00,620000,800000,Property,Secured Personal Loan - Salaried,Regular,742,41,32,Salaried,60,77.5,,Verified,No,B,Risk assessment done. Risk Grade B assigned. Medium risk acceptable. EMI to income ratio 41% is well within limits.
SPL-007,CUST-2407,OFF002,Loan Structuring and Pricing,completed,2025-01-08T13:15:00,620000,800000,Property,Secured Personal Loan - Salaried,Regular,742,41,32,Salaried,60,77.5,,Verified,No,B,Loan structure: 60 months tenor, 11.8% interest rate. EMI calculated at 13850 per month.
SPL-007,CUST-2407,OFF002,Credit Approval (Level 1 - Branch Manager),approved,2025-01-08T14:30:00,620000,800000,Property,Secured Personal Loan - Salaried,Regular,742,41,32,Salaried,60,77.5,,Verified,No,B,Branch Manager approval granted. Loan amount within authority limits. All conditions satisfied.
SPL-007,CUST-2407,OFF002,Legal Security Creation and Registration,completed,2025-01-09T11:20:00,620000,800000,Property,Secured Personal Loan - Salaried,Regular,742,41,32,Salaried,60,77.5,,Verified,No,B,Mortgage deed executed and registered at sub-registrar office. Original documents received and secured.
SPL-007,CUST-2407,OFF002,EMI Mandate Setup (NACH/Standing Instruction),completed,2025-01-09T13:45:00,620000,800000,Property,Secured Personal Loan - Salaried,Regular,742,41,32,Salaried,60,77.5,Active,Verified,No,B,NACH mandate registered with salary account. Mandate amount 15000 (with buffer). Status Active.
SPL-007,CUST-2407,OFF002,Final Pre-Disbursement Quality Check,completed,2025-01-09T15:10:00,620000,800000,Property,Secured Personal Loan - Salaried,Regular,742,41,32,Salaried,60,77.5,Active,Verified,No,B,Pre-disbursement QC checklist completed. All conditions verified. Cleared for disbursement.
SPL-007,CUST-2407,OFF002,Loan Disbursement,completed,2025-01-10T09:35:00,620000,800000,Property,Secured Personal Loan - Salaried,Regular,742,41,32,Salaried,60,77.5,Active,Verified,No,B,Loan amount 620000 disbursed to customer account via RTGS. Confirmation received.
SPL-007,CUST-2407,OFF002,Post-Disbursement Documentation,completed,2025-01-10T11:20:00,620000,800000,Property,Secured Personal Loan - Salaried,Regular,742,41,32,Salaried,60,77.5,Active,Verified,No,B,Loan agreement copy, repayment schedule, and welcome letter sent to customer via email and courier.
SPL-007,CUST-2407,OFF002,Post-Disbursement Quality Audit,completed,2025-01-10T16:15:00,620000,800000,Property,Secured Personal Loan - Salaried,Regular,742,41,32,Salaried,60,77.5,Active,Verified,No,B,Post-disbursement quality audit completed within 48 hours. All documentation in order. Case compliant.
SPL-008,CUST-2408,OFF005,Application Received and Registration,completed,2025-01-07T10:40:00,95000,140000,Gold,Secured Personal Loan - Gold Backed,Regular,688,35,29,Salaried,24,67.9,,,,B,Small gold loan application. Customer needs quick disbursal for personal requirement.
SPL-008,CUST-2408,OFF005,Initial Screening and Data Capture,completed,2025-01-07T11:05:00,95000,140000,Gold,Secured Personal Loan - Gold Backed,Regular,688,35,29,Salaried,24,67.9,,,,B,Basic screening done. Small ticket loan for young customer. Gold collateral to be verified.
SPL-008,CUST-2408,OFF005,Customer KYC and AML Verification,completed,2025-01-07T11:48:00,95000,140000,Gold,Secured Personal Loan - Gold Backed,Regular,688,35,29,Salaried,24,67.9,,Verified,No,B,KYC documents verified. Aadhaar and PAN checked. No AML concerns for this small amount.
SPL-008,CUST-2408,OFF005,Document Collection and Verification,completed,2025-01-07T13:15:00,95000,140000,Gold,Secured Personal Loan - Gold Backed,Regular,688,35,29,Salaried,24,67.9,,Verified,No,B,Salary slips and bank statements collected. Income documents adequate for small loan amount.
SPL-008,CUST-2408,OFF005,Credit Bureau Check,completed,2025-01-07T14:20:00,95000,140000,Gold,Secured Personal Loan - Gold Backed,Regular,688,35,29,Salaried,24,67.9,,Verified,No,B,Credit score 688. Borderline but acceptable given gold collateral and small amount.
SPL-008,CUST-2408,OFF005,Collateral Valuation and Verification,completed,2025-01-07T15:35:00,95000,140000,Gold,Secured Personal Loan - Gold Backed,Regular,688,35,29,Salaried,24,67.9,,Verified,No,B,Gold verification done. 140 grams of 22 carat gold. Current market value 140000.
SPL-008,CUST-2408,OFF005,Income and Employment Verification,completed,2025-01-07T16:20:00,95000,140000,Gold,Secured Personal Loan - Gold Backed,Regular,688,35,29,Salaried,24,67.9,,Verified,No,B,Employment verified. Monthly income 38000. EMI affordable at 4480 per month.
SPL-008,CUST-2408,OFF005,Credit Risk Assessment and Scoring,completed,2025-01-08T09:25:00,95000,140000,Gold,Secured Personal Loan - Gold Backed,Regular,688,35,29,Salaried,24,67.9,,Verified,No,B,Risk Grade B. Small loan with adequate gold security mitigates any credit concerns.
SPL-008,CUST-2408,OFF005,Loan Structuring and Pricing,completed,2025-01-08T10:15:00,95000,140000,Gold,Secured Personal Loan - Gold Backed,Regular,688,35,29,Salaried,24,67.9,,Verified,No,B,Loan for 24 months. Interest rate 13.0%. Monthly EMI 4480.
SPL-008,CUST-2408,OFF005,Credit Approval (Level 1 - Branch Manager),approved,2025-01-08T10:50:00,95000,140000,Gold,Secured Personal Loan - Gold Backed,Regular,688,35,29,Salaried,24,67.9,,Verified,No,B,Branch Manager approved. Small ticket loan well within limits.
SPL-008,CUST-2408,OFF005,Legal Security Creation and Registration,completed,2025-01-08T11:35:00,95000,140000,Gold,Secured Personal Loan - Gold Backed,Regular,688,35,29,Salaried,24,67.9,,Verified,No,B,Gold taken into physical custody and stored securely. Insurance obtained.
SPL-008,CUST-2408,OFF005,EMI Mandate Setup (NACH/Standing Instruction),completed,2025-01-08T13:10:00,95000,140000,Gold,Secured Personal Loan - Gold Backed,Regular,688,35,29,Salaried,24,67.9,Active,Verified,No,B,Mandate set up successfully on salary account. Amount 5000. Status Active.
SPL-008,CUST-2408,OFF005,Final Pre-Disbursement Quality Check,completed,2025-01-08T14:25:00,95000,140000,Gold,Secured Personal Loan - Gold Backed,Regular,688,35,29,Salaried,24,67.9,Active,Verified,No,B,QC done. Everything in order for disbursement.
SPL-008,CUST-2408,OFF005,Loan Disbursement,completed,2025-01-08T15:40:00,95000,140000,Gold,Secured Personal Loan - Gold Backed,Regular,688,35,29,Salaried,24,67.9,Active,Verified,No,B,Amount 95000 disbursed to customer account.
SPL-008,CUST-2408,OFF005,Post-Disbursement Documentation,completed,2025-01-09T10:15:00,95000,140000,Gold,Secured Personal Loan - Gold Backed,Regular,688,35,29,Salaried,24,67.9,Active,Verified,No,B,Documentation completed and provided to customer.
SPL-008,CUST-2408,OFF005,Post-Disbursement Quality Audit,completed,2025-01-09T14:50:00,95000,140000,Gold,Secured Personal Loan - Gold Backed,Regular,688,35,29,Salaried,24,67.9,Active,Verified,No,B,QA completed within timeframe. Small loan processed correctly. Compliant case.
SPL-009,CUST-2409,OFF001,Application Received and Registration,completed,2025-01-07T11:15:00,1250000,1600000,Property,Secured Personal Loan - Salaried,Priority,770,36,40,Salaried,72,78.1,,,,A,Priority customer application. Existing banking relationship. Seeks property backed loan for personal use.
SPL-009,CUST-2409,OFF001,Initial Screening and Data Capture,completed,2025-01-07T11:52:00,1250000,1600000,Property,Secured Personal Loan - Salaried,Priority,770,36,40,Salaried,72,78.1,,,,A,Priority customer screening. Strong profile with high credit score. Loan amount requires Regional Manager approval.
SPL-009,CUST-2409,OFF001,Customer KYC and AML Verification,completed,2025-01-07T13:20:00,1250000,1600000,Property,Secured Personal Loan - Salaried,Priority,770,36,40,Salaried,72,78.1,,Verified,No,A,KYC verified. Customer already in system with updated KYC. Refreshed AML screening - all clear.
SPL-009,CUST-2409,OFF001,Document Collection and Verification,completed,2025-01-07T14:48:00,1250000,1600000,Property,Secured Personal Loan - Salaried,Priority,770,36,40,Salaried,72,78.1,,Verified,No,A,Complete documentation collected. Senior executive in MNC. Salary slips show monthly income 175000. Bank statements confirm regular salary credits.
SPL-009,CUST-2409,OFF001,Credit Bureau Check,completed,2025-01-07T15:35:00,1250000,1600000,Property,Secured Personal Loan - Salaried,Priority,770,36,40,Salaried,72,78.1,,Verified,No,A,Excellent credit score 770. No negative history. Existing home loan being serviced regularly.
SPL-009,CUST-2409,OFF001,Income and Employment Verification,completed,2025-01-08T09:40:00,1250000,1600000,Property,Secured Personal Loan - Salaried,Priority,770,36,40,Salaried,72,78.1,,Verified,No,A,Employment verified. Senior position in established MNC. 12 years work experience, 6 years with current employer.
SPL-009,CUST-2409,OFF001,Collateral Valuation and Verification,completed,2025-01-08T11:25:00,1250000,1600000,Property,Secured Personal Loan - Salaried,Priority,770,36,40,Salaried,72,78.1,,Verified,No,A,Residential property valuation done. Located in prime area. Market value 1600000. LTV 78.1% acceptable.
SPL-009,CUST-2409,OFF001,Credit Risk Assessment and Scoring,completed,2025-01-08T13:45:00,1250000,1600000,Property,Secured Personal Loan - Salaried,Priority,770,36,40,Salaried,72,78.1,,Verified,No,A,Risk Grade A. Excellent profile on all parameters. Low risk case suitable for favorable terms.
SPL-009,CUST-2409,OFF001,Loan Structuring and Pricing,completed,2025-01-08T14:35:00,1250000,1600000,Property,Secured Personal Loan - Salaried,Priority,770,36,40,Salaried,72,78.1,,Verified,No,A,Structured for 72 months. Preferential rate 10.9% for priority customer. EMI 22400.
SPL-009,CUST-2409,OFF001,Credit Approval (Level 2 - Regional Credit Manager),approved,2025-01-08T15:55:00,1250000,1600000,Property,Secured Personal Loan - Salaried,Priority,770,36,40,Salaried,72,78.1,,Verified,No,A,Regional Credit Manager approved. Loan amount 1.25M requires this level per SOP. All conditions met.
SPL-009,CUST-2409,OFF001,Legal Security Creation and Registration,completed,2025-01-09T11:40:00,1250000,1600000,Property,Secured Personal Loan - Salaried,Priority,770,36,40,Salaried,72,78.1,,Verified,No,A,Mortgage registration completed. Property documents secured. Insurance obtained with bank as beneficiary.
SPL-009,CUST-2409,OFF001,EMI Mandate Setup (NACH/Standing Instruction),completed,2025-01-09T13:25:00,1250000,1600000,Property,Secured Personal Loan - Salaried,Priority,770,36,40,Salaried,72,78.1,Active,Verified,No,A,NACH mandate on salary account. Mandate 24500 registered. Status Active confirmed.
SPL-009,CUST-2409,OFF001,Final Pre-Disbursement Quality Check,completed,2025-01-09T14:50:00,1250000,1600000,Property,Secured Personal Loan - Salaried,Priority,770,36,40,Salaried,72,78.1,Active,Verified,No,A,Pre-disbursement checklist completed. Regional Manager approval obtained. All mandatory conditions met.
SPL-009,CUST-2409,OFF001,Loan Disbursement,completed,2025-01-09T16:10:00,1250000,1600000,Property,Secured Personal Loan - Salaried,Priority,770,36,40,Salaried,72,78.1,Active,Verified,No,A,Amount 1250000 disbursed via RTGS. Priority customer service maintained throughout.
SPL-009,CUST-2409,OFF001,Post-Disbursement Documentation,completed,2025-01-10T10:30:00,1250000,1600000,Property,Secured Personal Loan - Salaried,Priority,770,36,40,Salaried,72,78.1,Active,Verified,No,A,Complete documentation package sent to customer. Thank you letter from relationship manager.
SPL-009,CUST-2409,OFF001,Post-Disbursement Quality Audit,completed,2025-01-10T15:20:00,1250000,1600000,Property,Secured Personal Loan - Salaried,Priority,770,36,40,Salaried,72,78.1,Active,Verified,No,A,Post-disbursement audit completed. Fully compliant case. Exemplary processing for priority customer.
SPL-010,CUST-2410,OFF004,Application Received and Registration,completed,2025-01-07T13:25:00,1820000,2200000,Property,Secured Personal Loan - Self-Employed,Regular,658,56,48,Self-Employed,60,82.7,,,,C,Self-employed application. High risk indicators: low credit score, high EMI ratio, high LTV.
SPL-010,CUST-2410,OFF004,Initial Screening and Data Capture,completed,2025-01-07T13:48:00,1820000,2200000,Property,Secured Personal Loan - Self-Employed,Regular,658,56,48,Self-Employed,60,82.7,,,,C,Application processed. Customer profile shows risk factors requiring enhanced approval.
SPL-010,CUST-2410,OFF004,Credit Bureau Check,completed,2025-01-07T14:15:00,1820000,2200000,Property,Secured Personal Loan - Self-Employed,Regular,658,56,48,Self-Employed,60,82.7,,Verified,No,C,DEVIATION: Credit check done before KYC verification. Sequence violation per mandatory workflow. Credit score 658 in high risk range.
SPL-010,CUST-2410,OFF004,Customer KYC and AML Verification,completed,2025-01-07T15:02:00,1820000,2200000,Property,Secured Personal Loan - Self-Employed,Regular,658,56,48,Self-Employed,60,82.7,,Verified,No,C,KYC verification completed after credit check. Should be done first per SOP Section 2.1 mandatory sequence.
SPL-010,CUST-2410,OFF004,Document Collection and Verification,completed,2025-01-08T09:35:00,1820000,2200000,Property,Secured Personal Loan - Self-Employed,Regular,658,56,48,Self-Employed,60,82.7,,Verified,No,C,Self-employed documents: ITR shows declining income trend over 2 years. Business bank statements show irregular cash flows.
SPL-010,CUST-2410,OFF004,Income and Employment Verification,completed,2025-01-08T10:20:00,1820000,2200000,Property,Secured Personal Loan - Self-Employed,Regular,658,56,48,Self-Employed,60,82.7,,Verified,No,C,Business income verification shows average monthly 140000 but with high variation. Business vintage 4 years.
SPL-010,CUST-2410,OFF004,Collateral Valuation and Verification,completed,2025-01-08T11:15:00,1820000,2200000,Property,Secured Personal Loan - Self-Employed,Regular,658,56,48,Self-Employed,60,82.7,,Verified,No,C,Property valued at 2200000. LTV 82.7% exceeds 80% limit. Requires Credit Committee approval per SOP Section 8.1.
SPL-010,CUST-2410,OFF004,Credit Risk Assessment and Scoring,completed,2025-01-08T11:48:00,1820000,2200000,Property,Secured Personal Loan - Self-Employed,Regular,658,56,48,Self-Employed,60,82.7,,Verified,No,C,Risk Grade C - Higher risk. Multiple risk factors: credit score 658, EMI to income 56%, high LTV 82.7%. Should require enhanced approval.
SPL-010,CUST-2410,OFF004,Loan Structuring and Pricing,completed,2025-01-08T12:18:00,1820000,2200000,Property,Secured Personal Loan - Self-Employed,Regular,658,56,48,Self-Employed,60,82.7,,Verified,No,C,Structured for 60 months. Higher interest rate 14.2% applied for Risk Grade C. EMI 42800.
SPL-010,CUST-2410,OFF004,Credit Approval (Level 2 - Regional Credit Manager),approved,2025-01-08T13:05:00,1820000,2200000,Property,Secured Personal Loan - Self-Employed,Regular,658,56,48,Self-Employed,60,82.7,,Verified,No,C,CRITICAL DEVIATION: Regional Manager approved but insufficient. SOP Section 8.1 states LTV above 80% requires Credit Committee approval. Credit score 650-699 with high LTV requires Committee approval.
SPL-010,CUST-2410,OFF004,Legal Security Creation and Registration,completed,2025-01-09T10:30:00,1820000,2200000,Property,Secured Personal Loan - Self-Employed,Regular,658,56,48,Self-Employed,60,82.7,,Verified,No,C,Legal documentation done. Mortgage registered despite approval authority deviation.
SPL-010,CUST-2410,OFF004,EMI Mandate Setup (NACH/Standing Instruction),completed,2025-01-09T11:45:00,1820000,2200000,Property,Secured Personal Loan - Self-Employed,Regular,658,56,48,Self-Employed,60,82.7,Active,Verified,No,C,Mandate setup on business account. Status Active.
SPL-010,CUST-2410,OFF004,Final Pre-Disbursement Quality Check,completed,2025-01-09T13:10:00,1820000,2200000,Property,Secured Personal Loan - Self-Employed,Regular,658,56,48,Self-Employed,60,82.7,Active,Verified,No,C,QC cleared despite insufficient approval authority. Quality check failed to catch Committee approval requirement.
SPL-010,CUST-2410,OFF004,Loan Disbursement,completed,2025-01-09T14:35:00,1820000,2200000,Property,Secured Personal Loan - Self-Employed,Regular,658,56,48,Self-Employed,60,82.7,Active,Verified,No,C,High risk loan 1820000 disbursed without proper approval authority. Multiple policy violations present.
SPL-010,CUST-2410,OFF004,Post-Disbursement Documentation,completed,2025-01-09T16:20:00,1820000,2200000,Property,Secured Personal Loan - Self-Employed,Regular,658,56,48,Self-Employed,60,82.7,Active,Verified,No,C,Documentation completed.
SPL-010,CUST-2410,OFF004,Post-Disbursement Quality Audit,completed,2025-01-10T14:45:00,1820000,2200000,Property,Secured Personal Loan - Self-Employed,Regular,658,56,48,Self-Employed,60,82.7,Active,Verified,No,C,QA identified multiple deviations post-disbursement: sequence violation, insufficient approval authority, high risk parameters without proper oversight.
SPL-011,CUST-2411,OFF002,Application Received and Registration,completed,2025-01-07T14:20:00,520000,680000,Property,Secured Personal Loan - Salaried,Regular,725,40,35,Salaried,60,76.5,,,,B,Regular loan application from salaried customer. Property backed loan request.
SPL-011,CUST-2411,OFF002,Initial Screening and Data Capture,completed,2025-01-07T14:55:00,520000,680000,Property,Secured Personal Loan - Salaried,Regular,725,40,35,Salaried,60,76.5,,,,B,Screening completed. Customer profile appears standard with no red flags.
SPL-011,CUST-2411,OFF002,Customer KYC and AML Verification,completed,2025-01-07T15:42:00,520000,680000,Property,Secured Personal Loan - Salaried,Regular,725,40,35,Salaried,60,76.5,,Verified,No,B,KYC documents verified successfully. AML checks completed with no adverse findings.
SPL-011,CUST-2411,OFF002,Document Collection and Verification,completed,2025-01-08T09:25:00,520000,680000,Property,Secured Personal Loan - Salaried,Regular,725,40,35,Salaried,60,76.5,,Verified,No,B,All required salary and property documents collected and verified as authentic.
SPL-011,CUST-2411,OFF002,Credit Bureau Check,completed,2025-01-08T10:18:00,520000,680000,Property,Secured Personal Loan - Salaried,Regular,725,40,35,Salaried,60,76.5,,Verified,No,B,Credit score 725 obtained. Clean repayment history. Current obligations manageable.
SPL-011,CUST-2411,OFF002,Income and Employment Verification,completed,2025-01-08T11:35:00,520000,680000,Property,Secured Personal Loan - Salaried,Regular,725,40,35,Salaried,60,76.5,,Verified,No,B,Employment and income verified. Monthly salary 78000. Stable job for 5 years.
SPL-011,CUST-2411,OFF002,Collateral Valuation and Verification,completed,2025-01-08T13:50:00,520000,680000,Property,Secured Personal Loan - Salaried,Regular,725,40,35,Salaried,60,76.5,,Verified,No,B,Property valuation completed. Market value 680000. LTV 76.5% within acceptable range.
SPL-011,CUST-2411,OFF002,Credit Risk Assessment and Scoring,completed,2025-01-08T14:45:00,520000,680000,Property,Secured Personal Loan - Salaried,Regular,725,40,35,Salaried,60,76.5,,Verified,No,B,Risk assessment shows Grade B. Standard medium risk profile suitable for approval.
SPL-011,CUST-2411,OFF002,Loan Structuring and Pricing,completed,2025-01-08T15:25:00,520000,680000,Property,Secured Personal Loan - Salaried,Regular,725,40,35,Salaried,60,76.5,,Verified,No,B,Loan structured: 60 months, 11.7% interest, EMI 11600 per month.
SPL-011,CUST-2411,OFF002,Credit Approval (Level 1 - Branch Manager),approved,2025-01-08T16:10:00,520000,680000,Property,Secured Personal Loan - Salaried,Regular,725,40,35,Salaried,60,76.5,,Verified,No,B,Branch Manager approved. All criteria met for approval within authority limits.
SPL-011,CUST-2411,OFF002,Loan Disbursement,completed,2025-01-08T16:45:00,520000,680000,Property,Secured Personal Loan - Salaried,Regular,725,40,35,Salaried,60,76.5,Active,Verified,No,B,CRITICAL DEVIATION: Loan disbursed same day as approval without Legal Security Creation and EMI Mandate Setup. Multiple mandatory pre-disbursement conditions violated per SOP Section 9.1. Same-day approval-disbursement also violates SOP Section 10.5.
SPL-011,CUST-2411,OFF002,Legal Security Creation and Registration,completed,2025-01-09T10:45:00,520000,680000,Property,Secured Personal Loan - Salaried,Regular,725,40,35,Salaried,60,76.5,Active,Verified,No,B,SEQUENCE VIOLATION: Legal security created after disbursement. SOP Section 9.1 requires security registration before disbursement.
SPL-011,CUST-2411,OFF002,EMI Mandate Setup (NACH/Standing Instruction),completed,2025-01-09T11:58:00,520000,680000,Property,Secured Personal Loan - Salaried,Regular,725,40,35,Salaried,60,76.5,Active,Verified,No,B,SEQUENCE VIOLATION: Mandate setup after disbursement instead of before. Violates mandatory pre-disbursement condition per Section 9.2.
SPL-011,CUST-2411,OFF002,Final Pre-Disbursement Quality Check,completed,2025-01-09T13:20:00,520000,680000,Property,Secured Personal Loan - Salaried,Regular,725,40,35,Salaried,60,76.5,Active,Verified,No,B,SEQUENCE VIOLATION: QC performed after disbursement making it completely ineffective in catching violations.
SPL-011,CUST-2411,OFF002,Post-Disbursement Documentation,completed,2025-01-09T14:40:00,520000,680000,Property,Secured Personal Loan - Salaried,Regular,725,40,35,Salaried,60,76.5,Active,Verified,No,B,Documentation provided to customer post-disbursement.
SPL-011,CUST-2411,OFF002,Post-Disbursement Quality Audit,completed,2025-01-10T16:50:00,520000,680000,Property,Secured Personal Loan - Salaried,Regular,725,40,35,Salaried,60,76.5,Active,Verified,No,B,TEMPORAL DEVIATION: QA completed 56 hours after disbursement exceeding 48-hour SLA per Section 9.6. Multiple critical sequence violations identified.
SPL-012,CUST-2412,OFF005,Application Received and Registration,completed,2025-01-07T15:30:00,285000,380000,Property,Secured Personal Loan - Salaried,Regular,705,37,31,Salaried,48,75.0,,,,B,Small to medium loan application. Young professional seeking property backed loan.
SPL-012,CUST-2412,OFF005,Initial Screening and Data Capture,completed,2025-01-07T16:05:00,285000,380000,Property,Secured Personal Loan - Salaried,Regular,705,37,31,Salaried,48,75.0,,,,B,Basic eligibility check passed. Customer meets minimum requirements.
SPL-012,CUST-2412,OFF005,Customer KYC and AML Verification,completed,2025-01-08T09:40:00,285000,380000,Property,Secured Personal Loan - Salaried,Regular,705,37,31,Salaried,48,75.0,,Verified,No,B,eKYC completed successfully. No AML red flags identified.
SPL-012,CUST-2412,OFF005,Document Collection and Verification,completed,2025-01-08T10:55:00,285000,380000,Property,Secured Personal Loan - Salaried,Regular,705,37,31,Salaried,48,75.0,,Verified,No,B,Documents collected: salary proofs, bank statements, property papers all verified authentic.
SPL-012,CUST-2412,OFF005,Credit Bureau Check,completed,2025-01-08T11:40:00,285000,380000,Property,Secured Personal Loan - Salaried,Regular,705,37,31,Salaried,48,75.0,,Verified,No,B,Credit bureau report shows score 705. Acceptable credit history with no adverse remarks.
SPL-012,CUST-2412,OFF005,Income and Employment Verification,completed,2025-01-08T13:25:00,285000,380000,Property,Secured Personal Loan - Salaried,Regular,705,37,31,Salaried,48,75.0,,Verified,No,B,Income verification completed. Monthly salary 58000. Employment tenure 2.5 years.
SPL-012,CUST-2412,OFF005,Collateral Valuation and Verification,completed,2025-01-08T14:50:00,285000,380000,Property,Secured Personal Loan - Salaried,Regular,705,37,31,Salaried,48,75.0,,Verified,No,B,Property valuation shows market value 380000. LTV 75% at upper acceptable limit.
SPL-012,CUST-2412,OFF005,Credit Risk Assessment and Scoring,completed,2025-01-08T15:35:00,285000,380000,Property,Secured Personal Loan - Salaried,Regular,705,37,31,Salaried,48,75.0,,Verified,No,B,Risk Grade B assigned. Standard medium risk profile acceptable for processing.
SPL-012,CUST-2412,OFF005,Loan Structuring and Pricing,completed,2025-01-08T16:15:00,285000,380000,Property,Secured Personal Loan - Salaried,Regular,705,37,31,Salaried,48,75.0,,Verified,No,B,Structured for 48 months. Interest rate 12.0%. Monthly EMI 7520.
SPL-012,CUST-2412,OFF005,Credit Approval (Level 1 - Branch Manager),approved,2025-01-09T09:20:00,285000,380000,Property,Secured Personal Loan - Salaried,Regular,705,37,31,Salaried,48,75.0,,Verified,No,B,Branch Manager approval obtained. Loan within authority limits. All conditions satisfied.
SPL-012,CUST-2412,OFF005,Legal Security Creation and Registration,completed,2025-01-09T11:40:00,285000,380000,Property,Secured Personal Loan - Salaried,Regular,705,37,31,Salaried,48,75.0,,Verified,No,B,Mortgage registration completed properly. Property documents secured with bank.
SPL-012,CUST-2412,OFF005,EMI Mandate Setup (NACH/Standing Instruction),completed,2025-01-09T13:15:00,285000,380000,Property,Secured Personal Loan - Salaried,Regular,705,37,31,Salaried,48,75.0,Active,Verified,No,B,NACH mandate registered successfully. Mandate amount 8300. Status Active confirmed.
SPL-012,CUST-2412,OFF005,Final Pre-Disbursement Quality Check,completed,2025-01-09T14:30:00,285000,380000,Property,Secured Personal Loan - Salaried,Regular,705,37,31,Salaried,48,75.0,Active,Verified,No,B,Pre-disbursement checklist verified thoroughly. All mandatory conditions met for disbursal.
SPL-012,CUST-2412,OFF005,Loan Disbursement,completed,2025-01-09T15:45:00,285000,380000,Property,Secured Personal Loan - Salaried,Regular,705,37,31,Salaried,48,75.0,Active,Verified,No,B,Loan amount 285000 disbursed to customer account via NEFT. Transaction confirmed.
SPL-012,CUST-2412,OFF005,Post-Disbursement Documentation,completed,2025-01-10T10:25:00,285000,380000,Property,Secured Personal Loan - Salaried,Regular,705,37,31,Salaried,48,75.0,Active,Verified,No,B,All post-disbursement documents provided to customer including loan agreement and repayment schedule.
SPL-012,CUST-2412,OFF005,Post-Disbursement Quality Audit,completed,2025-01-10T14:20:00,285000,380000,Property,Secured Personal Loan - Salaried,Regular,705,37,31,Salaried,48,75.0,Active,Verified,No,B,Quality audit completed within 48-hour SLA. Case processed correctly with no deviations found. Fully compliant.
SPL-013,CUST-2413,OFF001,Application Received and Registration,completed,2025-01-08T09:10:00,340000,450000,Property,Secured Personal Loan - Salaried,Regular,748,38,33,Salaried,60,75.6,,,,B,Standard application from regular salaried customer with good credit profile.
SPL-013,CUST-2413,OFF001,Initial Screening and Data Capture,completed,2025-01-08T09:48:00,340000,450000,Property,Secured Personal Loan - Salaried,Regular,748,38,33,Salaried,60,75.6,,,,B,Initial screening passed without issues. Profile meets all basic criteria.
SPL-013,CUST-2413,OFF001,Customer KYC and AML Verification,completed,2025-01-08T10:35:00,340000,450000,Property,Secured Personal Loan - Salaried,Regular,748,38,33,Salaried,60,75.6,,Verified,No,B,KYC verification using Aadhaar and PAN completed. AML screening shows no concerns.
SPL-013,CUST-2413,OFF001,Document Collection and Verification,completed,2025-01-08T11:42:00,340000,450000,Property,Secured Personal Loan - Salaried,Regular,748,38,33,Salaried,60,75.6,,Verified,No,B,Complete documentation received and verified: income proofs, property documents all authentic.
SPL-013,CUST-2413,OFF001,Credit Bureau Check,completed,2025-01-08T13:15:00,340000,450000,Property,Secured Personal Loan - Salaried,Regular,748,38,33,Salaried,60,75.6,,Verified,No,B,Credit score 748 indicates excellent creditworthiness. No adverse history noted.
SPL-013,CUST-2413,OFF001,Income and Employment Verification,completed,2025-01-08T14:30:00,340000,450000,Property,Secured Personal Loan - Salaried,Regular,748,38,33,Salaried,60,75.6,,Verified,No,B,Employment verified with employer. Stable job with monthly income 64000.
SPL-013,CUST-2413,OFF001,Collateral Valuation and Verification,completed,2025-01-08T15:50:00,340000,450000,Property,Secured Personal Loan - Salaried,Regular,748,38,33,Salaried,60,75.6,,Verified,No,B,Property valuation completed. Market value 450000. LTV ratio 75.6% acceptable.
SPL-013,CUST-2413,OFF001,Credit Risk Assessment and Scoring,completed,2025-01-09T09:25:00,340000,450000,Property,Secured Personal Loan - Salaried,Regular,748,38,33,Salaried,60,75.6,,Verified,No,B,Risk Grade B. Low-medium risk suitable for standard approval process.
SPL-013,CUST-2413,OFF001,Loan Structuring and Pricing,completed,2025-01-09T10:15:00,340000,450000,Property,Secured Personal Loan - Salaried,Regular,748,38,33,Salaried,60,75.6,,Verified,No,B,Loan terms: 60 months tenor, 11.5% interest rate, EMI 7550 per month.
SPL-013,CUST-2413,OFF001,Credit Approval (Level 1 - Branch Manager),approved,2025-01-09T11:05:00,340000,450000,Property,Secured Personal Loan - Salaried,Regular,748,38,33,Salaried,60,75.6,,Verified,No,B,Branch Manager approval granted. All conditions met. Within approval authority.
SPL-013,CUST-2413,OFF001,Legal Security Creation and Registration,completed,2025-01-10T10:20:00,340000,450000,Property,Secured Personal Loan - Salaried,Regular,748,38,33,Salaried,60,75.6,,Verified,No,B,Mortgage deed registered. Original documents deposited with bank securely.
SPL-013,CUST-2413,OFF001,EMI Mandate Setup (NACH/Standing Instruction),completed,2025-01-10T11:45:00,340000,450000,Property,Secured Personal Loan - Salaried,Regular,748,38,33,Salaried,60,75.6,Active,Verified,No,B,NACH mandate registered on salary account. Mandate 8300. Status Active.
SPL-013,CUST-2413,OFF001,Final Pre-Disbursement Quality Check,completed,2025-01-10T13:10:00,340000,450000,Property,Secured Personal Loan - Salaried,Regular,748,38,33,Salaried,60,75.6,Active,Verified,No,B,QC completed. All pre-disbursement conditions verified and met.
SPL-013,CUST-2413,OFF001,Loan Disbursement,completed,2025-01-10T14:25:00,340000,450000,Property,Secured Personal Loan - Salaried,Regular,748,38,33,Salaried,60,75.6,Active,Verified,No,B,Amount 340000 disbursed via RTGS. Customer notified of successful disbursement.
SPL-013,CUST-2413,OFF001,Post-Disbursement Documentation,completed,2025-01-10T15:40:00,340000,450000,Property,Secured Personal Loan - Salaried,Regular,748,38,33,Salaried,60,75.6,Active,Verified,No,B,Post-disbursement documents sent to customer. Loan agreement and schedules provided.
SPL-013,CUST-2413,OFF001,Post-Disbursement Quality Audit,pending,2025-01-10T17:00:00,340000,450000,Property,Secured Personal Loan - Salaried,Regular,748,38,33,Salaried,60,75.6,Active,Verified,No,B,QA to be completed. Case appears compliant but audit still pending at end of week.
SPL-014,CUST-2414,OFF004,Application Received and Registration,completed,2025-01-08T10:15:00,1950000,2400000,Property,Secured Personal Loan - Self-Employed,Regular,665,54,52,Self-Employed,72,81.3,,,,C,High value self-employed application. Credit score in high-risk range.
SPL-014,CUST-2414,OFF004,Initial Screening and Data Capture,completed,2025-01-08T10:40:00,1950000,2400000,Property,Secured Personal Loan - Self-Employed,Regular,665,54,52,Self-Employed,72,81.3,,,,C,Standard processing as per guidelines.
SPL-014,CUST-2414,OFF004,Customer KYC and AML Verification,completed,2025-01-08T11:15:00,1950000,2400000,Property,Secured Personal Loan - Self-Employed,Regular,665,54,52,Self-Employed,72,81.3,,Verified,No,C,Standard processing as per guidelines.
SPL-014,CUST-2414,OFF004,Document Collection and Verification,completed,2025-01-08T11:48:00,1950000,2400000,Property,Secured Personal Loan - Self-Employed,Regular,665,54,52,Self-Employed,72,81.3,,Verified,No,C,Standard processing as per guidelines.
SPL-014,CUST-2414,OFF004,Credit Bureau Check,completed,2025-01-08T12:22:00,1950000,2400000,Property,Secured Personal Loan - Self-Employed,Regular,665,54,52,Self-Employed,72,81.3,,Verified,No,C,DEVIATION: Score 665 requires Regional Manager. Standard processing as per guidelines.
SPL-014,CUST-2414,OFF004,Income and Employment Verification,completed,2025-01-08T13:05:00,1950000,2400000,Property,Secured Personal Loan - Self-Employed,Regular,665,54,52,Self-Employed,72,81.3,,Verified,No,C,Standard processing as per guidelines.
SPL-014,CUST-2414,OFF004,Collateral Valuation and Verification,completed,2025-01-08T13:48:00,1950000,2400000,Property,Secured Personal Loan - Self-Employed,Regular,665,54,52,Self-Employed,72,81.3,,Verified,No,C,DEVIATION: LTV 81.3% exceeds 80% needing Committee approval. Standard processing as per guidelines.
SPL-014,CUST-2414,OFF004,Credit Risk Assessment and Scoring,completed,2025-01-08T14:25:00,1950000,2400000,Property,Secured Personal Loan - Self-Employed,Regular,665,54,52,Self-Employed,72,81.3,,Verified,No,C,Standard processing as per guidelines.
SPL-014,CUST-2414,OFF004,Loan Structuring and Pricing,completed,2025-01-08T14:55:00,1950000,2400000,Property,Secured Personal Loan - Self-Employed,Regular,665,54,52,Self-Employed,72,81.3,,Verified,No,C,Standard processing as per guidelines.
SPL-014,CUST-2414,OFF004,Credit Approval (Level 1 - Branch Manager),approved,2025-01-08T15:30:00,1950000,2400000,Property,Secured Personal Loan - Self-Employed,Regular,665,54,52,Self-Employed,72,81.3,,Verified,No,C,CRITICAL: Branch Manager approved high-risk loan needing Committee per SOP 8.1. FW PATTERN: Identical notes.
SPL-014,CUST-2414,OFF004,Legal Security Creation and Registration,completed,2025-01-09T10:35:00,1950000,2400000,Property,Secured Personal Loan - Self-Employed,Regular,665,54,52,Self-Employed,72,81.3,,Verified,No,C,Standard processing as per guidelines.
SPL-014,CUST-2414,OFF004,EMI Mandate Setup (NACH/Standing Instruction),completed,2025-01-09T11:50:00,1950000,2400000,Property,Secured Personal Loan - Self-Employed,Regular,665,54,52,Self-Employed,72,81.3,Active,Verified,No,C,Standard processing as per guidelines.
SPL-014,CUST-2414,OFF004,Final Pre-Disbursement Quality Check,completed,2025-01-09T13:05:00,1950000,2400000,Property,Secured Personal Loan - Self-Employed,Regular,665,54,52,Self-Employed,72,81.3,Active,Verified,No,C,Standard processing as per guidelines.
SPL-014,CUST-2414,OFF004,Loan Disbursement,completed,2025-01-09T14:20:00,1950000,2400000,Property,Secured Personal Loan - Self-Employed,Regular,665,54,52,Self-Employed,72,81.3,Active,Verified,No,C,High risk loan disbursed without proper authority. FW pattern detected.
SPL-014,CUST-2414,OFF004,Post-Disbursement Documentation,completed,2025-01-09T15:45:00,1950000,2400000,Property,Secured Personal Loan - Self-Employed,Regular,665,54,52,Self-Employed,72,81.3,Active,Verified,No,C,Standard processing as per guidelines.
SPL-014,CUST-2414,OFF004,Post-Disbursement Quality Audit,completed,2025-01-10T13:50:00,1950000,2400000,Property,Secured Personal Loan - Self-Employed,Regular,665,54,52,Self-Employed,72,81.3,Active,Verified,No,C,"Deviations: insufficient approval, FW pattern, high-risk without oversight."
SPL-015,CUST-2415,OFF002,Application Received and Registration,completed,2025-01-08T11:20:00,725000,920000,Property,Secured Personal Loan - Salaried,Priority,760,43,38,Salaried,60,78.8,,,,A,Priority segment application with strong credit profile.
SPL-015,CUST-2415,OFF002,Initial Screening and Data Capture,completed,2025-01-08T11:55:00,725000,920000,Property,Secured Personal Loan - Salaried,Priority,760,43,38,Salaried,60,78.8,,,,A,Existing banking relationship customer.
SPL-015,CUST-2415,OFF002,Customer KYC and AML Verification,completed,2025-01-08T13:10:00,725000,920000,Property,Secured Personal Loan - Salaried,Priority,760,43,38,Salaried,60,78.8,,Verified,No,A,KYC refreshed. Priority processing.
SPL-015,CUST-2415,OFF002,Document Collection and Verification,completed,2025-01-08T14:35:00,725000,920000,Property,Secured Personal Loan - Salaried,Priority,760,43,38,Salaried,60,78.8,,Verified,No,A,Documents verified. Some waivers per priority rules.
SPL-015,CUST-2415,OFF002,Credit Bureau Check,completed,2025-01-08T15:40:00,725000,920000,Property,Secured Personal Loan - Salaried,Priority,760,43,38,Salaried,60,78.8,,Verified,No,A,Excellent score 760.
SPL-015,CUST-2415,OFF002,Income and Employment Verification,completed,2025-01-09T09:30:00,725000,920000,Property,Secured Personal Loan - Salaried,Priority,760,43,38,Salaried,60,78.8,,Verified,No,A,Senior management. Income 112000.
SPL-015,CUST-2415,OFF002,Collateral Valuation and Verification,completed,2025-01-09T11:15:00,725000,920000,Property,Secured Personal Loan - Salaried,Priority,760,43,38,Salaried,60,78.8,,Verified,No,A,Property 920000. LTV 78.8%.
SPL-015,CUST-2415,OFF002,Credit Risk Assessment and Scoring,completed,2025-01-09T13:40:00,725000,920000,Property,Secured Personal Loan - Salaried,Priority,760,43,38,Salaried,60,78.8,,Verified,No,A,Risk Grade A. Low risk.
SPL-015,CUST-2415,OFF002,Loan Structuring and Pricing,completed,2025-01-09T14:50:00,725000,920000,Property,Secured Personal Loan - Salaried,Priority,760,43,38,Salaried,60,78.8,,Verified,No,A,60 months. Rate 10.8%. EMI 15800.
SPL-015,CUST-2415,OFF002,Credit Approval (Level 1 - Branch Manager),completed,2025-01-09T15:45:00,725000,920000,Property,Secured Personal Loan - Salaried,Priority,760,43,38,Salaried,60,78.8,,Verified,No,A,Approved within limits.
SPL-015,CUST-2415,OFF002,Legal Security Creation and Registration,completed,2025-01-10T10:50:00,725000,920000,Property,Secured Personal Loan - Salaried,Priority,760,43,38,Salaried,60,78.8,,Verified,No,A,Mortgage registration completed.
SPL-015,CUST-2415,OFF002,EMI Mandate Setup (NACH/Standing Instruction),completed,2025-01-10T12:20:00,725000,920000,Property,Secured Personal Loan - Salaried,Priority,760,43,38,Salaried,60,78.8,Active,Verified,No,A,NACH Active.
SPL-015,CUST-2415,OFF002,Final Pre-Disbursement Quality Check,completed,2025-01-10T13:35:00,725000,920000,Property,Secured Personal Loan - Salaried,Priority,760,43,38,Salaried,60,78.8,Active,Verified,No,A,All conditions verified.
SPL-015,CUST-2415,OFF002,Loan Disbursement,completed,2025-01-10T14:50:00,725000,920000,Property,Secured Personal Loan - Salaried,Priority,760,43,38,Salaried,60,78.8,Active,Verified,No,A,725000 disbursed. Compliant.
SPL-015,CUST-2415,OFF002,Post-Disbursement Documentation,pending,2025-01-10T16:10:00,725000,920000,Property,Secured Personal Loan - Salaried,Priority,760,43,38,Salaried,60,78.8,Active,Verified,No,A,Pending at week end.
SPL-016,CUST-2416,OFF005,Application Received and Registration,completed,2025-01-06T09:03:00,155000,210000,Gold,Secured Personal Loan - Gold Backed,Regular,692,42,35,Self-Employed,60,81.0,,,,B,Step 1 completed.
SPL-016,CUST-2416,OFF005,Initial Screening and Data Capture,completed,2025-01-06T10:03:00,155000,210000,Gold,Secured Personal Loan - Gold Backed,Regular,692,42,35,Self-Employed,60,81.0,,,,B,Step 2 completed.
SPL-016,CUST-2416,OFF005,Customer KYC and AML Verification,completed,2025-01-06T11:03:00,155000,210000,Gold,Secured Personal Loan - Gold Backed,Regular,692,42,35,Self-Employed,60,81.0,,Verified,No,B,Step 3 completed.
SPL-016,CUST-2416,OFF005,Document Collection and Verification,completed,2025-01-06T12:03:00,155000,210000,Gold,Secured Personal Loan - Gold Backed,Regular,692,42,35,Self-Employed,60,81.0,,Verified,No,B,Step 4 completed.
SPL-016,CUST-2416,OFF005,Credit Bureau Check,completed,2025-01-06T13:03:00,155000,210000,Gold,Secured Personal Loan - Gold Backed,Regular,692,42,35,Self-Employed,60,81.0,,Verified,No,B,Step 5 completed.
SPL-016,CUST-2416,OFF005,Income and Employment Verification,completed,2025-01-06T14:03:00,155000,210000,Gold,Secured Personal Loan - Gold Backed,Regular,692,42,35,Self-Employed,60,81.0,,Verified,No,B,Step 6 completed.
SPL-016,CUST-2416,OFF005,Collateral Valuation and Verification,completed,2025-01-06T15:03:00,155000,210000,Gold,Secured Personal Loan - Gold Backed,Regular,692,42,35,Self-Employed,60,81.0,,Verified,No,B,Step 7 completed.
SPL-016,CUST-2416,OFF005,Credit Risk Assessment and Scoring,completed,2025-01-06T09:03:00,155000,210000,Gold,Secured Personal Loan - Gold Backed,Regular,692,42,35,Self-Employed,60,81.0,,Verified,No,B,Step 8 completed.
SPL-016,CUST-2416,OFF005,Loan Structuring and Pricing,completed,2025-01-07T10:03:00,155000,210000,Gold,Secured Personal Loan - Gold Backed,Regular,692,42,35,Self-Employed,60,81.0,,Verified,No,B,Step 9 completed.
SPL-016,CUST-2416,OFF005,Credit Approval (Level 1 - Branch Manager),completed,2025-01-07T11:03:00,155000,210000,Gold,Secured Personal Loan - Gold Backed,Regular,692,42,35,Self-Employed,60,81.0,,Verified,No,B,Step 10 completed.
SPL-016,CUST-2416,OFF005,Legal Security Creation and Registration,completed,2025-01-07T12:03:00,155000,210000,Gold,Secured Personal Loan - Gold Backed,Regular,692,42,35,Self-Employed,60,81.0,,Verified,No,B,Step 11 completed.
SPL-016,CUST-2416,OFF005,EMI Mandate Setup (NACH/Standing Instruction),completed,2025-01-07T13:03:00,155000,210000,Gold,Secured Personal Loan - Gold Backed,Regular,692,42,35,Self-Employed,60,81.0,Active,Verified,No,B,Step 12 completed.
SPL-016,CUST-2416,OFF005,Final Pre-Disbursement Quality Check,completed,2025-01-07T14:03:00,155000,210000,Gold,Secured Personal Loan - Gold Backed,Regular,692,42,35,Self-Employed,60,81.0,Active,Verified,No,B,Step 13 completed.
SPL-016,CUST-2416,OFF005,Loan Disbursement,pending,2025-01-07T15:03:00,155000,210000,Gold,Secured Personal Loan - Gold Backed,Regular,692,42,35,Self-Employed,60,81.0,Active,Verified,No,B,Processing in progress at week end.
SPL-017,CUST-2417,OFF001,Application Received and Registration,completed,2025-01-07T09:16:00,880000,1150000,Property,Secured Personal Loan - Salaried,Regular,715,42,35,Salaried,60,82.0,,,,B,Step 1 completed.
SPL-017,CUST-2417,OFF001,Initial Screening and Data Capture,completed,2025-01-07T10:16:00,880000,1150000,Property,Secured Personal Loan - Salaried,Regular,715,42,35,Salaried,60,82.0,,,,B,Step 2 completed.
SPL-017,CUST-2417,OFF001,Customer KYC and AML Verification,completed,2025-01-07T11:16:00,880000,1150000,Property,Secured Personal Loan - Salaried,Regular,715,42,35,Salaried,60,82.0,,Verified,No,B,Step 3 completed.
SPL-017,CUST-2417,OFF001,Document Collection and Verification,completed,2025-01-07T12:16:00,880000,1150000,Property,Secured Personal Loan - Salaried,Regular,715,42,35,Salaried,60,82.0,,Verified,No,B,Step 4 completed.
SPL-017,CUST-2417,OFF001,Credit Bureau Check,completed,2025-01-07T13:16:00,880000,1150000,Property,Secured Personal Loan - Salaried,Regular,715,42,35,Salaried,60,82.0,,Verified,No,B,Step 5 completed.
SPL-017,CUST-2417,OFF001,Income and Employment Verification,completed,2025-01-07T14:16:00,880000,1150000,Property,Secured Personal Loan - Salaried,Regular,715,42,35,Salaried,60,82.0,,Verified,No,B,Step 6 completed.
SPL-017,CUST-2417,OFF001,Collateral Valuation and Verification,completed,2025-01-07T15:16:00,880000,1150000,Property,Secured Personal Loan - Salaried,Regular,715,42,35,Salaried,60,82.0,,Verified,No,B,Step 7 completed.
SPL-017,CUST-2417,OFF001,Credit Risk Assessment and Scoring,completed,2025-01-07T09:16:00,880000,1150000,Property,Secured Personal Loan - Salaried,Regular,715,42,35,Salaried,60,82.0,,Verified,No,B,Step 8 completed.
SPL-017,CUST-2417,OFF001,Loan Structuring and Pricing,pending,2025-01-08T10:16:00,880000,1150000,Property,Secured Personal Loan - Salaried,Regular,715,42,35,Salaried,60,82.0,,Verified,No,B,Processing in progress at week end.
SPL-018,CUST-2418,OFF003,Application Received and Registration,completed,2025-01-09T09:19:00,560000,720000,Property,Secured Personal Loan - Salaried,Regular,722,42,35,Salaried,60,83.0,,,,B,Step 1 completed.
SPL-018,CUST-2418,OFF003,Initial Screening and Data Capture,completed,2025-01-09T10:19:00,560000,720000,Property,Secured Personal Loan - Salaried,Regular,722,42,35,Salaried,60,83.0,,,,B,Step 2 completed.
SPL-018,CUST-2418,OFF003,Customer KYC and AML Verification,completed,2025-01-09T11:19:00,560000,720000,Property,Secured Personal Loan - Salaried,Regular,722,42,35,Salaried,60,83.0,,Verified,No,B,Step 3 completed.
SPL-018,CUST-2418,OFF003,Document Collection and Verification,completed,2025-01-09T12:19:00,560000,720000,Property,Secured Personal Loan - Salaried,Regular,722,42,35,Salaried,60,83.0,,Verified,No,B,Step 4 completed.
SPL-018,CUST-2418,OFF003,Credit Bureau Check,completed,2025-01-09T13:19:00,560000,720000,Property,Secured Personal Loan - Salaried,Regular,722,42,35,Salaried,60,83.0,,Verified,No,B,Step 5 completed.
SPL-018,CUST-2418,OFF003,Income and Employment Verification,completed,2025-01-09T14:19:00,560000,720000,Property,Secured Personal Loan - Salaried,Regular,722,42,35,Salaried,60,83.0,,Verified,No,B,Step 6 completed.
SPL-018,CUST-2418,OFF003,Collateral Valuation and Verification,completed,2025-01-09T15:19:00,560000,720000,Property,Secured Personal Loan - Salaried,Regular,722,42,35,Salaried,60,83.0,,Verified,No,B,Step 7 completed.
SPL-018,CUST-2418,OFF003,Credit Risk Assessment and Scoring,pending,2025-01-09T09:19:00,560000,720000,Property,Secured Personal Loan - Salaried,Regular,722,42,35,Salaried,60,83.0,,Verified,No,B,Officer goes on leave Jan 8-9
SPL-019,CUST-2419,OFF002,Application Received and Registration,completed,2025-01-10T09:22:00,420000,550000,Property,Secured Personal Loan - Salaried,Regular,738,42,35,Salaried,60,84.0,,,,B,Step 1 completed.
SPL-019,CUST-2419,OFF002,Initial Screening and Data Capture,completed,2025-01-10T10:22:00,420000,550000,Property,Secured Personal Loan - Salaried,Regular,738,42,35,Salaried,60,84.0,,,,B,Step 2 completed.
SPL-019,CUST-2419,OFF002,Customer KYC and AML Verification,completed,2025-01-10T11:22:00,420000,550000,Property,Secured Personal Loan - Salaried,Regular,738,42,35,Salaried,60,84.0,,Verified,No,B,Step 3 completed.
SPL-019,CUST-2419,OFF002,Document Collection and Verification,completed,2025-01-10T12:22:00,420000,550000,Property,Secured Personal Loan - Salaried,Regular,738,42,35,Salaried,60,84.0,,Verified,No,B,Step 4 completed.
SPL-019,CUST-2419,OFF002,Credit Bureau Check,completed,2025-01-10T13:22:00,420000,550000,Property,Secured Personal Loan - Salaried,Regular,738,42,35,Salaried,60,84.0,,Verified,No,B,Step 5 completed.
SPL-019,CUST-2419,OFF002,Income and Employment Verification,completed,2025-01-10T14:22:00,420000,550000,Property,Secured Personal Loan - Salaried,Regular,738,42,35,Salaried,60,84.0,,Verified,No,B,Step 6 completed.
SPL-019,CUST-2419,OFF002,Collateral Valuation and Verification,pending,2025-01-10T15:22:00,420000,550000,Property,Secured Personal Loan - Salaried,Regular,738,42,35,Salaried,60,84.0,,Verified,No,B,Processing in progress at week end.
SPL-020,CUST-2420,OFF005,Application Received and Registration,completed,2025-01-06T09:25:00,265000,340000,Property,Secured Personal Loan - Salaried,Regular,698,42,35,Salaried,60,75.0,,,,B,Step 1 completed.
SPL-020,CUST-2420,OFF005,Initial Screening and Data Capture,completed,2025-01-06T10:25:00,265000,340000,Property,Secured Personal Loan - Salaried,Regular,698,42,35,Salaried,60,75.0,,,,B,Step 2 completed.
SPL-020,CUST-2420,OFF005,Customer KYC and AML Verification,completed,2025-01-06T11:25:00,265000,340000,Property,Secured Personal Loan - Salaried,Regular,698,42,35,Salaried,60,75.0,,Verified,No,B,Step 3 completed.
SPL-020,CUST-2420,OFF005,Document Collection and Verification,completed,2025-01-06T12:25:00,265000,340000,Property,Secured Personal Loan - Salaried,Regular,698,42,35,Salaried,60,75.0,,Verified,No,B,Step 4 completed.
SPL-020,CUST-2420,OFF005,Credit Bureau Check,completed,2025-01-06T13:25:00,265000,340000,Property,Secured Personal Loan - Salaried,Regular,698,42,35,Salaried,60,75.0,,Verified,No,B,Step 5 completed.
SPL-020,CUST-2420,OFF005,Income and Employment Verification,completed,2025-01-06T14:25:00,265000,340000,Property,Secured Personal Loan - Salaried,Regular,698,42,35,Salaried,60,75.0,,Verified,No,B,Step 6 completed.
SPL-020,CUST-2420,OFF005,Collateral Valuation and Verification,completed,2025-01-06T15:25:00,265000,340000,Property,Secured Personal Loan - Salaried,Regular,698,42,35,Salaried,60,75.0,,Verified,No,B,Step 7 completed.
SPL-020,CUST-2420,OFF005,Credit Risk Assessment and Scoring,completed,2025-01-06T09:25:00,265000,340000,Property,Secured Personal Loan - Salaried,Regular,698,42,35,Salaried,60,75.0,,Verified,No,B,Step 8 completed.
SPL-020,CUST-2420,OFF005,Loan Structuring and Pricing,completed,2025-01-07T10:25:00,265000,340000,Property,Secured Personal Loan - Salaried,Regular,698,42,35,Salaried,60,75.0,,Verified,No,B,Step 9 completed.
SPL-020,CUST-2420,OFF005,Credit Approval (Level 1 - Branch Manager),pending,2025-01-07T11:25:00,265000,340000,Property,Secured Personal Loan - Salaried,Regular,698,42,35,Salaried,60,75.0,,Verified,No,B,Processing in progress at week end.
SPL-021,CUST-2421,OFF001,Application Received and Registration,completed,2025-01-07T09:28:00,1150000,1450000,Property,Secured Personal Loan - Salaried,Regular,748,42,35,Salaried,60,76.0,,,,A,Step 1 completed.
SPL-021,CUST-2421,OFF001,Initial Screening and Data Capture,completed,2025-01-07T10:28:00,1150000,1450000,Property,Secured Personal Loan - Salaried,Regular,748,42,35,Salaried,60,76.0,,,,A,Step 2 completed.
SPL-021,CUST-2421,OFF001,Customer KYC and AML Verification,completed,2025-01-07T11:28:00,1150000,1450000,Property,Secured Personal Loan - Salaried,Regular,748,42,35,Salaried,60,76.0,,Verified,No,A,Step 3 completed.
SPL-021,CUST-2421,OFF001,Document Collection and Verification,completed,2025-01-07T12:28:00,1150000,1450000,Property,Secured Personal Loan - Salaried,Regular,748,42,35,Salaried,60,76.0,,Verified,No,A,Step 4 completed.
SPL-021,CUST-2421,OFF001,Credit Bureau Check,completed,2025-01-07T13:28:00,1150000,1450000,Property,Secured Personal Loan - Salaried,Regular,748,42,35,Salaried,60,76.0,,Verified,No,A,Step 5 completed.
SPL-021,CUST-2421,OFF001,Income and Employment Verification,completed,2025-01-07T14:28:00,1150000,1450000,Property,Secured Personal Loan - Salaried,Regular,748,42,35,Salaried,60,76.0,,Verified,No,A,Step 6 completed.
SPL-021,CUST-2421,OFF001,Collateral Valuation and Verification,completed,2025-01-07T15:28:00,1150000,1450000,Property,Secured Personal Loan - Salaried,Regular,748,42,35,Salaried,60,76.0,,Verified,No,A,Step 7 completed.
SPL-021,CUST-2421,OFF001,Credit Risk Assessment and Scoring,completed,2025-01-07T09:28:00,1150000,1450000,Property,Secured Personal Loan - Salaried,Regular,748,42,35,Salaried,60,76.0,,Verified,No,A,Step 8 completed.
SPL-021,CUST-2421,OFF001,Loan Structuring and Pricing,completed,2025-01-08T10:28:00,1150000,1450000,Property,Secured Personal Loan - Salaried,Regular,748,42,35,Salaried,60,76.0,,Verified,No,A,Step 9 completed.
SPL-021,CUST-2421,OFF001,Credit Approval (Level 1 - Branch Manager),completed,2025-01-08T11:28:00,1150000,1450000,Property,Secured Personal Loan - Salaried,Regular,748,42,35,Salaried,60,76.0,,Verified,No,A,Step 10 completed.
SPL-021,CUST-2421,OFF001,Legal Security Creation and Registration,pending,2025-01-08T12:28:00,1150000,1450000,Property,Secured Personal Loan - Salaried,Regular,748,42,35,Salaried,60,76.0,,Verified,No,A,Processing in progress at week end.
SPL-022,CUST-2422,OFF004,Application Received and Registration,completed,2025-01-09T09:31:00,980000,1250000,Property,Secured Personal Loan - Salaried,Regular,670,42,35,Salaried,60,77.0,,,,C,Step 1 completed.
SPL-022,CUST-2422,OFF004,Initial Screening and Data Capture,completed,2025-01-09T10:31:00,980000,1250000,Property,Secured Personal Loan - Salaried,Regular,670,42,35,Salaried,60,77.0,,,,C,Step 2 completed.
SPL-022,CUST-2422,OFF004,Customer KYC and AML Verification,completed,2025-01-09T11:31:00,980000,1250000,Property,Secured Personal Loan - Salaried,Regular,670,42,35,Salaried,60,77.0,,Verified,No,C,Step 3 completed.
SPL-022,CUST-2422,OFF004,Document Collection and Verification,completed,2025-01-09T12:31:00,980000,1250000,Property,Secured Personal Loan - Salaried,Regular,670,42,35,Salaried,60,77.0,,Verified,No,C,Step 4 completed.
SPL-022,CUST-2422,OFF004,Credit Bureau Check,completed,2025-01-09T13:31:00,980000,1250000,Property,Secured Personal Loan - Salaried,Regular,670,42,35,Salaried,60,77.0,,Verified,No,C,Step 5 completed.
SPL-022,CUST-2422,OFF004,Income and Employment Verification,completed,2025-01-09T14:31:00,980000,1250000,Property,Secured Personal Loan - Salaried,Regular,670,42,35,Salaried,60,77.0,,Verified,No,C,Step 6 completed.
SPL-022,CUST-2422,OFF004,Collateral Valuation and Verification,completed,2025-01-09T15:31:00,980000,1250000,Property,Secured Personal Loan - Salaried,Regular,670,42,35,Salaried,60,77.0,,Verified,No,C,Step 7 completed.
SPL-022,CUST-2422,OFF004,Credit Risk Assessment and Scoring,completed,2025-01-09T09:31:00,980000,1250000,Property,Secured Personal Loan - Salaried,Regular,670,42,35,Salaried,60,77.0,,Verified,No,C,Step 8 completed.
SPL-022,CUST-2422,OFF004,Loan Structuring and Pricing,pending,2025-01-10T10:31:00,980000,1250000,Property,Secured Personal Loan - Salaried,Regular,670,42,35,Salaried,60,77.0,,Verified,No,C,Processing in progress at week end.
SPL-023,CUST-2423,OFF002,Application Received and Registration,completed,2025-01-10T09:34:00,395000,520000,Property,Secured Personal Loan - Salaried,Regular,725,42,35,Salaried,60,78.0,,,,B,Step 1 completed.
SPL-023,CUST-2423,OFF002,Initial Screening and Data Capture,completed,2025-01-10T10:34:00,395000,520000,Property,Secured Personal Loan - Salaried,Regular,725,42,35,Salaried,60,78.0,,,,B,Step 2 completed.
SPL-023,CUST-2423,OFF002,Customer KYC and AML Verification,completed,2025-01-10T11:34:00,395000,520000,Property,Secured Personal Loan - Salaried,Regular,725,42,35,Salaried,60,78.0,,Verified,No,B,Step 3 completed.
SPL-023,CUST-2423,OFF002,Document Collection and Verification,completed,2025-01-10T12:34:00,395000,520000,Property,Secured Personal Loan - Salaried,Regular,725,42,35,Salaried,60,78.0,,Verified,No,B,Step 4 completed.
SPL-023,CUST-2423,OFF002,Credit Bureau Check,completed,2025-01-10T13:34:00,395000,520000,Property,Secured Personal Loan - Salaried,Regular,725,42,35,Salaried,60,78.0,,Verified,No,B,Step 5 completed.
SPL-023,CUST-2423,OFF002,Income and Employment Verification,pending,2025-01-10T14:34:00,395000,520000,Property,Secured Personal Loan - Salaried,Regular,725,42,35,Salaried,60,78.0,,Verified,No,B,Processing in progress at week end.
SPL-024,CUST-2424,OFF003,Application Received and Registration,completed,2025-01-06T09:37:00,640000,820000,Property,Secured Personal Loan - Salaried,Regular,712,42,35,Salaried,60,79.0,,,,B,Step 1 completed.
SPL-024,CUST-2424,OFF003,Initial Screening and Data Capture,completed,2025-01-06T10:37:00,640000,820000,Property,Secured Personal Loan - Salaried,Regular,712,42,35,Salaried,60,79.0,,,,B,Step 2 completed.
SPL-024,CUST-2424,OFF003,Customer KYC and AML Verification,completed,2025-01-06T11:37:00,640000,820000,Property,Secured Personal Loan - Salaried,Regular,712,42,35,Salaried,60,79.0,,Verified,No,B,Step 3 completed.
SPL-024,CUST-2424,OFF003,Document Collection and Verification,completed,2025-01-06T12:37:00,640000,820000,Property,Secured Personal Loan - Salaried,Regular,712,42,35,Salaried,60,79.0,,Verified,No,B,Step 4 completed.
SPL-024,CUST-2424,OFF003,Credit Bureau Check,pending,2025-01-06T13:37:00,640000,820000,Property,Secured Personal Loan - Salaried,Regular,712,42,35,Salaried,60,79.0,,Verified,No,B,Processing in progress at week end.
SPL-025,CUST-2425,OFF005,Application Received and Registration,completed,2025-01-07T09:40:00,185000,250000,Gold,Secured Personal Loan - Gold Backed,Regular,688,42,35,Self-Employed,60,80.0,,,,B,Step 1 completed.
SPL-025,CUST-2425,OFF005,Initial Screening and Data Capture,completed,2025-01-07T10:40:00,185000,250000,Gold,Secured Personal Loan - Gold Backed,Regular,688,42,35,Self-Employed,60,80.0,,,,B,Step 2 completed.
SPL-025,CUST-2425,OFF005,Customer KYC and AML Verification,completed,2025-01-07T11:40:00,185000,250000,Gold,Secured Personal Loan - Gold Backed,Regular,688,42,35,Self-Employed,60,80.0,,Verified,No,B,Step 3 completed.
SPL-025,CUST-2425,OFF005,Document Collection and Verification,completed,2025-01-07T12:40:00,185000,250000,Gold,Secured Personal Loan - Gold Backed,Regular,688,42,35,Self-Employed,60,80.0,,Verified,No,B,Step 4 completed.
SPL-025,CUST-2425,OFF005,Credit Bureau Check,completed,2025-01-07T13:40:00,185000,250000,Gold,Secured Personal Loan - Gold Backed,Regular,688,42,35,Self-Employed,60,80.0,,Verified,No,B,Step 5 completed.
SPL-025,CUST-2425,OFF005,Income and Employment Verification,completed,2025-01-07T14:40:00,185000,250000,Gold,Secured Personal Loan - Gold Backed,Regular,688,42,35,Self-Employed,60,80.0,,Verified,No,B,Step 6 completed.
SPL-025,CUST-2425,OFF005,Collateral Valuation and Verification,completed,2025-01-07T15:40:00,185000,250000,Gold,Secured Personal Loan - Gold Backed,Regular,688,42,35,Self-Employed,60,80.0,,Verified,No,B,Step 7 completed.
SPL-025,CUST-2425,OFF005,Credit Risk Assessment and Scoring,pending,2025-01-07T09:40:00,185000,250000,Gold,Secured Personal Loan - Gold Backed,Regular,688,42,35,Self-Employed,60,80.0,,Verified,No,B,Processing in progress at week end.
SPL-026,CUST-2426,OFF001,Application Received and Registration,completed,2025-01-09T09:43:00,775000,980000,Property,Secured Personal Loan - Salaried,Regular,732,42,35,Salaried,60,81.0,,,,B,Step 1 completed.
SPL-026,CUST-2426,OFF001,Initial Screening and Data Capture,completed,2025-01-09T10:43:00,775000,980000,Property,Secured Personal Loan - Salaried,Regular,732,42,35,Salaried,60,81.0,,,,B,Step 2 completed.
SPL-026,CUST-2426,OFF001,Customer KYC and AML Verification,completed,2025-01-09T11:43:00,775000,980000,Property,Secured Personal Loan - Salaried,Regular,732,42,35,Salaried,60,81.0,,Verified,No,B,Step 3 completed.
SPL-026,CUST-2426,OFF001,Document Collection and Verification,completed,2025-01-09T12:43:00,775000,980000,Property,Secured Personal Loan - Salaried,Regular,732,42,35,Salaried,60,81.0,,Verified,No,B,Step 4 completed.
SPL-026,CUST-2426,OFF001,Credit Bureau Check,completed,2025-01-09T13:43:00,775000,980000,Property,Secured Personal Loan - Salaried,Regular,732,42,35,Salaried,60,81.0,,Verified,No,B,Step 5 completed.
SPL-026,CUST-2426,OFF001,Income and Employment Verification,completed,2025-01-09T14:43:00,775000,980000,Property,Secured Personal Loan - Salaried,Regular,732,42,35,Salaried,60,81.0,,Verified,No,B,Step 6 completed.
SPL-026,CUST-2426,OFF001,Collateral Valuation and Verification,pending,2025-01-09T15:43:00,775000,980000,Property,Secured Personal Loan - Salaried,Regular,732,42,35,Salaried,60,81.0,,Verified,No,B,Processing in progress at week end.
SPL-027,CUST-2427,OFF002,Application Received and Registration,completed,2025-01-10T09:46:00,1280000,1650000,Property,Secured Personal Loan - Salaried,Regular,758,42,35,Salaried,60,82.0,,,,A,Step 1 completed.
SPL-027,CUST-2427,OFF002,Initial Screening and Data Capture,completed,2025-01-10T10:46:00,1280000,1650000,Property,Secured Personal Loan - Salaried,Regular,758,42,35,Salaried,60,82.0,,,,A,Step 2 completed.
SPL-027,CUST-2427,OFF002,Customer KYC and AML Verification,completed,2025-01-10T11:46:00,1280000,1650000,Property,Secured Personal Loan - Salaried,Regular,758,42,35,Salaried,60,82.0,,Verified,No,A,Step 3 completed.
SPL-027,CUST-2427,OFF002,Document Collection and Verification,completed,2025-01-10T12:46:00,1280000,1650000,Property,Secured Personal Loan - Salaried,Regular,758,42,35,Salaried,60,82.0,,Verified,No,A,Step 4 completed.
SPL-027,CUST-2427,OFF002,Credit Bureau Check,completed,2025-01-10T13:46:00,1280000,1650000,Property,Secured Personal Loan - Salaried,Regular,758,42,35,Salaried,60,82.0,,Verified,No,A,Step 5 completed.
SPL-027,CUST-2427,OFF002,Income and Employment Verification,completed,2025-01-10T14:46:00,1280000,1650000,Property,Secured Personal Loan - Salaried,Regular,758,42,35,Salaried,60,82.0,,Verified,No,A,Step 6 completed.
SPL-027,CUST-2427,OFF002,Collateral Valuation and Verification,completed,2025-01-10T15:46:00,1280000,1650000,Property,Secured Personal Loan - Salaried,Regular,758,42,35,Salaried,60,82.0,,Verified,No,A,Step 7 completed.
SPL-027,CUST-2427,OFF002,Credit Risk Assessment and Scoring,completed,2025-01-10T09:46:00,1280000,1650000,Property,Secured Personal Loan - Salaried,Regular,758,42,35,Salaried,60,82.0,,Verified,No,A,Step 8 completed.
SPL-027,CUST-2427,OFF002,Loan Structuring and Pricing,completed,2025-01-11T10:46:00,1280000,1650000,Property,Secured Personal Loan - Salaried,Regular,758,42,35,Salaried,60,82.0,,Verified,No,A,Step 9 completed.
SPL-027,CUST-2427,OFF002,Credit Approval (Level 1 - Branch Manager),pending,2025-01-11T11:46:00,1280000,1650000,Property,Secured Personal Loan - Salaried,Regular,758,42,35,Salaried,60,82.0,,Verified,No,A,Processing in progress at week end.
SPL-028,CUST-2428,OFF004,Application Received and Registration,completed,2025-01-06T09:49:00,850000,1100000,Property,Secured Personal Loan - Salaried,Regular,662,42,35,Salaried,60,83.0,,,,C,Step 1 completed.
SPL-028,CUST-2428,OFF004,Initial Screening and Data Capture,completed,2025-01-06T10:49:00,850000,1100000,Property,Secured Personal Loan - Salaried,Regular,662,42,35,Salaried,60,83.0,,,,C,Step 2 completed.
SPL-028,CUST-2428,OFF004,Customer KYC and AML Verification,completed,2025-01-06T11:49:00,850000,1100000,Property,Secured Personal Loan - Salaried,Regular,662,42,35,Salaried,60,83.0,,Verified,No,C,Step 3 completed.
SPL-028,CUST-2428,OFF004,Document Collection and Verification,completed,2025-01-06T12:49:00,850000,1100000,Property,Secured Personal Loan - Salaried,Regular,662,42,35,Salaried,60,83.0,,Verified,No,C,Step 4 completed.
SPL-028,CUST-2428,OFF004,Credit Bureau Check,completed,2025-01-06T13:49:00,850000,1100000,Property,Secured Personal Loan - Salaried,Regular,662,42,35,Salaried,60,83.0,,Verified,No,C,Step 5 completed.
SPL-028,CUST-2428,OFF004,Income and Employment Verification,pending,2025-01-06T14:49:00,850000,1100000,Property,Secured Personal Loan - Salaried,Regular,662,42,35,Salaried,60,83.0,,Verified,No,C,Processing in progress at week end.
SPL-029,CUST-2429,OFF005,Application Received and Registration,completed,2025-01-07T09:52:00,320000,420000,Property,Secured Personal Loan - Salaried,Regular,705,42,35,Salaried,60,84.0,,,,B,Step 1 completed.
SPL-029,CUST-2429,OFF005,Initial Screening and Data Capture,completed,2025-01-07T10:52:00,320000,420000,Property,Secured Personal Loan - Salaried,Regular,705,42,35,Salaried,60,84.0,,,,B,Step 2 completed.
SPL-029,CUST-2429,OFF005,Customer KYC and AML Verification,completed,2025-01-07T11:52:00,320000,420000,Property,Secured Personal Loan - Salaried,Regular,705,42,35,Salaried,60,84.0,,Verified,No,B,Step 3 completed.
SPL-029,CUST-2429,OFF005,Document Collection and Verification,completed,2025-01-07T12:52:00,320000,420000,Property,Secured Personal Loan - Salaried,Regular,705,42,35,Salaried,60,84.0,,Verified,No,B,Step 4 completed.
SPL-029,CUST-2429,OFF005,Credit Bureau Check,completed,2025-01-07T13:52:00,320000,420000,Property,Secured Personal Loan - Salaried,Regular,705,42,35,Salaried,60,84.0,,Verified,No,B,Step 5 completed.
SPL-029,CUST-2429,OFF005,Income and Employment Verification,completed,2025-01-07T14:52:00,320000,420000,Property,Secured Personal Loan - Salaried,Regular,705,42,35,Salaried,60,84.0,,Verified,No,B,Step 6 completed.
SPL-029,CUST-2429,OFF005,Collateral Valuation and Verification,completed,2025-01-07T15:52:00,320000,420000,Property,Secured Personal Loan - Salaried,Regular,705,42,35,Salaried,60,84.0,,Verified,No,B,Step 7 completed.
SPL-029,CUST-2429,OFF005,Credit Risk Assessment and Scoring,completed,2025-01-07T09:52:00,320000,420000,Property,Secured Personal Loan - Salaried,Regular,705,42,35,Salaried,60,84.0,,Verified,No,B,Step 8 completed.
SPL-029,CUST-2429,OFF005,Loan Structuring and Pricing,pending,2025-01-08T10:52:00,320000,420000,Property,Secured Personal Loan - Salaried,Regular,705,42,35,Salaried,60,84.0,,Verified,No,B,Processing in progress at week end.
SPL-030,CUST-2430,OFF003,Application Received and Registration,completed,2025-01-07T09:55:00,490000,630000,Property,Secured Personal Loan - Salaried,Regular,718,42,35,Salaried,60,75.0,,,,B,Step 1 completed.
SPL-030,CUST-2430,OFF003,Initial Screening and Data Capture,completed,2025-01-07T10:55:00,490000,630000,Property,Secured Personal Loan - Salaried,Regular,718,42,35,Salaried,60,75.0,,,,B,Step 2 completed.
SPL-030,CUST-2430,OFF003,Customer KYC and AML Verification,completed,2025-01-07T11:55:00,490000,630000,Property,Secured Personal Loan - Salaried,Regular,718,42,35,Salaried,60,75.0,,Verified,No,B,Step 3 completed.
SPL-030,CUST-2430,OFF003,Document Collection and Verification,pending,2025-01-07T12:55:00,490000,630000,Property,Secured Personal Loan - Salaried,Regular,718,42,35,Salaried,60,75.0,,Verified,No,B,Processing in progress at week end.
SPL-031,CUST-2431,OFF001,Application Received and Registration,completed,2025-01-10T09:58:00,595000,760000,Property,Secured Personal Loan - Salaried,Regular,742,42,35,Salaried,60,76.0,,,,B,Step 1 completed.
SPL-031,CUST-2431,OFF001,Initial Screening and Data Capture,completed,2025-01-10T10:58:00,595000,760000,Property,Secured Personal Loan - Salaried,Regular,742,42,35,Salaried,60,76.0,,,,B,Step 2 completed.
SPL-031,CUST-2431,OFF001,Customer KYC and AML Verification,completed,2025-01-10T11:58:00,595000,760000,Property,Secured Personal Loan - Salaried,Regular,742,42,35,Salaried,60,76.0,,Verified,No,B,Step 3 completed.
SPL-031,CUST-2431,OFF001,Document Collection and Verification,completed,2025-01-10T12:58:00,595000,760000,Property,Secured Personal Loan - Salaried,Regular,742,42,35,Salaried,60,76.0,,Verified,No,B,Step 4 completed.
SPL-031,CUST-2431,OFF001,Credit Bureau Check,pending,2025-01-10T13:58:00,595000,760000,Property,Secured Personal Loan - Salaried,Regular,742,42,35,Salaried,60,76.0,,Verified,No,B,Processing in progress at week end.
SPL-032,CUST-2432,OFF002,Application Received and Registration,completed,2025-01-06T09:01:00,425000,550000,Property,Secured Personal Loan - Salaried,Regular,728,42,35,Salaried,60,77.0,,,,B,Step 1 completed.
SPL-032,CUST-2432,OFF002,Initial Screening and Data Capture,completed,2025-01-06T10:01:00,425000,550000,Property,Secured Personal Loan - Salaried,Regular,728,42,35,Salaried,60,77.0,,,,B,Step 2 completed.
SPL-032,CUST-2432,OFF002,Customer KYC and AML Verification,completed,2025-01-06T11:01:00,425000,550000,Property,Secured Personal Loan - Salaried,Regular,728,42,35,Salaried,60,77.0,,Verified,No,B,Step 3 completed.
SPL-032,CUST-2432,OFF002,Document Collection and Verification,completed,2025-01-06T12:01:00,425000,550000,Property,Secured Personal Loan - Salaried,Regular,728,42,35,Salaried,60,77.0,,Verified,No,B,Step 4 completed.
SPL-032,CUST-2432,OFF002,Credit Bureau Check,completed,2025-01-06T13:01:00,425000,550000,Property,Secured Personal Loan - Salaried,Regular,728,42,35,Salaried,60,77.0,,Verified,No,B,Step 5 completed.
SPL-032,CUST-2432,OFF002,Income and Employment Verification,pending,2025-01-06T14:01:00,425000,550000,Property,Secured Personal Loan - Salaried,Regular,728,42,35,Salaried,60,77.0,,Verified,No,B,Processing in progress at week end.
SPL-033,CUST-2433,OFF004,Application Received and Registration,completed,2025-01-07T09:04:00,1820000,2280000,Property,Secured Personal Loan - Salaried,Regular,668,42,35,Salaried,60,78.0,,,,C,Step 1 completed.
SPL-033,CUST-2433,OFF004,Initial Screening and Data Capture,completed,2025-01-07T10:04:00,1820000,2280000,Property,Secured Personal Loan - Salaried,Regular,668,42,35,Salaried,60,78.0,,,,C,Step 2 completed.
SPL-033,CUST-2433,OFF004,Customer KYC and AML Verification,completed,2025-01-07T11:04:00,1820000,2280000,Property,Secured Personal Loan - Salaried,Regular,668,42,35,Salaried,60,78.0,,Verified,No,C,Step 3 completed.
SPL-033,CUST-2433,OFF004,Document Collection and Verification,pending,2025-01-07T12:04:00,1820000,2280000,Property,Secured Personal Loan - Salaried,Regular,668,42,35,Salaried,60,78.0,,Verified,No,C,Processing in progress at week end.
SPL-034,CUST-2434,OFF005,Application Received and Registration,completed,2025-01-09T09:17:00,240000,310000,Gold,Secured Personal Loan - Gold Backed,Regular,695,42,35,Self-Employed,60,79.0,,,,B,Step 1 completed.
SPL-034,CUST-2434,OFF005,Initial Screening and Data Capture,completed,2025-01-09T10:17:00,240000,310000,Gold,Secured Personal Loan - Gold Backed,Regular,695,42,35,Self-Employed,60,79.0,,,,B,Step 2 completed.
SPL-034,CUST-2434,OFF005,Customer KYC and AML Verification,completed,2025-01-09T11:17:00,240000,310000,Gold,Secured Personal Loan - Gold Backed,Regular,695,42,35,Self-Employed,60,79.0,,Verified,No,B,Step 3 completed.
SPL-034,CUST-2434,OFF005,Document Collection and Verification,completed,2025-01-09T12:17:00,240000,310000,Gold,Secured Personal Loan - Gold Backed,Regular,695,42,35,Self-Employed,60,79.0,,Verified,No,B,Step 4 completed.
SPL-034,CUST-2434,OFF005,Credit Bureau Check,completed,2025-01-09T13:17:00,240000,310000,Gold,Secured Personal Loan - Gold Backed,Regular,695,42,35,Self-Employed,60,79.0,,Verified,No,B,Step 5 completed.
SPL-034,CUST-2434,OFF005,Income and Employment Verification,completed,2025-01-09T14:17:00,240000,310000,Gold,Secured Personal Loan - Gold Backed,Regular,695,42,35,Self-Employed,60,79.0,,Verified,No,B,Step 6 completed.
SPL-034,CUST-2434,OFF005,Collateral Valuation and Verification,pending,2025-01-09T15:17:00,240000,310000,Gold,Secured Personal Loan - Gold Backed,Regular,695,42,35,Self-Employed,60,79.0,,Verified,No,B,Processing in progress at week end.
SPL-035,CUST-2435,OFF003,Application Received and Registration,completed,2025-01-10T09:20:00,680000,870000,Property,Secured Personal Loan - Salaried,Regular,715,42,35,Salaried,60,80.0,,,,B,Step 1 completed.
SPL-035,CUST-2435,OFF003,Initial Screening and Data Capture,completed,2025-01-10T10:20:00,680000,870000,Property,Secured Personal Loan - Salaried,Regular,715,42,35,Salaried,60,80.0,,,,B,Step 2 completed.
SPL-035,CUST-2435,OFF003,Customer KYC and AML Verification,pending,2025-01-10T11:20:00,680000,870000,Property,Secured Personal Loan - Salaried,Regular,715,42,35,Salaried,60,80.0,,Verified,No,B,Processing in progress at week end.
SPL-036,CUST-2436,OFF001,Application Received and Registration,completed,2025-01-06T09:23:00,920000,1180000,Property,Secured Personal Loan - Salaried,Regular,750,42,35,Salaried,60,81.0,,,,A,Step 1 completed.
SPL-036,CUST-2436,OFF001,Initial Screening and Data Capture,completed,2025-01-06T10:23:00,920000,1180000,Property,Secured Personal Loan - Salaried,Regular,750,42,35,Salaried,60,81.0,,,,A,Step 2 completed.
SPL-036,CUST-2436,OFF001,Customer KYC and AML Verification,completed,2025-01-06T11:23:00,920000,1180000,Property,Secured Personal Loan - Salaried,Regular,750,42,35,Salaried,60,81.0,,Verified,No,A,Step 3 completed.
SPL-036,CUST-2436,OFF001,Document Collection and Verification,completed,2025-01-06T12:23:00,920000,1180000,Property,Secured Personal Loan - Salaried,Regular,750,42,35,Salaried,60,81.0,,Verified,No,A,Step 4 completed.
SPL-036,CUST-2436,OFF001,Credit Bureau Check,pending,2025-01-06T13:23:00,920000,1180000,Property,Secured Personal Loan - Salaried,Regular,750,42,35,Salaried,60,81.0,,Verified,No,A,Processing in progress at week end.
SPL-037,CUST-2437,OFF002,Application Received and Registration,completed,2025-01-07T09:26:00,355000,460000,Property,Secured Personal Loan - Salaried,Regular,708,42,35,Salaried,60,82.0,,,,B,Step 1 completed.
SPL-037,CUST-2437,OFF002,Initial Screening and Data Capture,completed,2025-01-07T10:26:00,355000,460000,Property,Secured Personal Loan - Salaried,Regular,708,42,35,Salaried,60,82.0,,,,B,Step 2 completed.
SPL-037,CUST-2437,OFF002,Customer KYC and AML Verification,completed,2025-01-07T11:26:00,355000,460000,Property,Secured Personal Loan - Salaried,Regular,708,42,35,Salaried,60,82.0,,Verified,No,B,Step 3 completed.
SPL-037,CUST-2437,OFF002,Document Collection and Verification,pending,2025-01-07T12:26:00,355000,460000,Property,Secured Personal Loan - Salaried,Regular,708,42,35,Salaried,60,82.0,,Verified,No,B,Processing in progress at week end.
SPL-038,CUST-2438,OFF004,Application Received and Registration,completed,2025-01-09T09:29:00,1350000,1720000,Property,Secured Personal Loan - Salaried,Regular,655,42,35,Salaried,60,83.0,,,,C,Step 1 completed.
SPL-038,CUST-2438,OFF004,Initial Screening and Data Capture,completed,2025-01-09T10:29:00,1350000,1720000,Property,Secured Personal Loan - Salaried,Regular,655,42,35,Salaried,60,83.0,,,,C,Step 2 completed.
SPL-038,CUST-2438,OFF004,Customer KYC and AML Verification,pending,2025-01-09T11:29:00,1350000,1720000,Property,Secured Personal Loan - Salaried,Regular,655,42,35,Salaried,60,83.0,,Verified,No,C,Processing in progress at week end.
SPL-039,CUST-2439,OFF005,Application Received and Registration,completed,2025-01-10T09:32:00,175000,235000,Gold,Secured Personal Loan - Gold Backed,Regular,690,42,35,Self-Employed,60,84.0,,,,B,Step 1 completed.
SPL-039,CUST-2439,OFF005,Initial Screening and Data Capture,completed,2025-01-10T10:32:00,175000,235000,Gold,Secured Personal Loan - Gold Backed,Regular,690,42,35,Self-Employed,60,84.0,,,,B,Step 2 completed.
SPL-039,CUST-2439,OFF005,Customer KYC and AML Verification,completed,2025-01-10T11:32:00,175000,235000,Gold,Secured Personal Loan - Gold Backed,Regular,690,42,35,Self-Employed,60,84.0,,Verified,No,B,Step 3 completed.
SPL-039,CUST-2439,OFF005,Document Collection and Verification,completed,2025-01-10T12:32:00,175000,235000,Gold,Secured Personal Loan - Gold Backed,Regular,690,42,35,Self-Employed,60,84.0,,Verified,No,B,Step 4 completed.
SPL-039,CUST-2439,OFF005,Credit Bureau Check,completed,2025-01-10T13:32:00,175000,235000,Gold,Secured Personal Loan - Gold Backed,Regular,690,42,35,Self-Employed,60,84.0,,Verified,No,B,Step 5 completed.
SPL-039,CUST-2439,OFF005,Income and Employment Verification,pending,2025-01-10T14:32:00,175000,235000,Gold,Secured Personal Loan - Gold Backed,Regular,690,42,35,Self-Employed,60,84.0,,Verified,No,B,Processing in progress at week end.
SPL-040,CUST-2440,OFF001,Application Received and Registration,completed,2025-01-06T09:35:00,825000,1050000,Property,Secured Personal Loan - Salaried,Regular,735,42,35,Salaried,60,75.0,,,,B,Step 1 completed.
SPL-040,CUST-2440,OFF001,Initial Screening and Data Capture,completed,2025-01-06T10:35:00,825000,1050000,Property,Secured Personal Loan - Salaried,Regular,735,42,35,Salaried,60,75.0,,,,B,Step 2 completed.
SPL-040,CUST-2440,OFF001,Customer KYC and AML Verification,completed,2025-01-06T11:35:00,825000,1050000,Property,Secured Personal Loan - Salaried,Regular,735,42,35,Salaried,60,75.0,,Verified,No,B,Step 3 completed.
SPL-040,CUST-2440,OFF001,Document Collection and Verification,pending,2025-01-06T12:35:00,825000,1050000,Property,Secured Personal Loan - Salaried,Regular,735,42,35,Salaried,60,75.0,,Verified,No,B,Processing in progress at week end.
SPL-041,CUST-2441,OFF002,Application Received and Registration,completed,2025-01-07T09:38:00,480000,620000,Property,Secured Personal Loan - Salaried,Regular,720,42,35,Salaried,60,76.0,,,,B,Step 1 completed.
SPL-041,CUST-2441,OFF002,Initial Screening and Data Capture,completed,2025-01-07T10:38:00,480000,620000,Property,Secured Personal Loan - Salaried,Regular,720,42,35,Salaried,60,76.0,,,,B,Step 2 completed.
SPL-041,CUST-2441,OFF002,Customer KYC and AML Verification,pending,2025-01-07T11:38:00,480000,620000,Property,Secured Personal Loan - Salaried,Regular,720,42,35,Salaried,60,76.0,,Verified,No,B,Processing in progress at week end.
SPL-042,CUST-2442,OFF003,Application Received and Registration,completed,2025-01-10T09:41:00,540000,690000,Property,Secured Personal Loan - Salaried,Regular,710,42,35,Salaried,60,77.0,,,,B,Step 1 completed.
SPL-042,CUST-2442,OFF003,Initial Screening and Data Capture,pending,2025-01-10T10:41:00,540000,690000,Property,Secured Personal Loan - Salaried,Regular,710,42,35,Salaried,60,77.0,,,,B,Processing in progress at week end.
SPL-043,CUST-2443,OFF005,Application Received and Registration,completed,2025-01-10T09:44:00,195000,260000,Gold,Secured Personal Loan - Gold Backed,Regular,685,42,35,Self-Employed,60,78.0,,,,B,Step 1 completed.
SPL-043,CUST-2443,OFF005,Initial Screening and Data Capture,completed,2025-01-10T10:44:00,195000,260000,Gold,Secured Personal Loan - Gold Backed,Regular,685,42,35,Self-Employed,60,78.0,,,,B,Step 2 completed.
SPL-043,CUST-2443,OFF005,Customer KYC and AML Verification,pending,2025-01-10T11:44:00,195000,260000,Gold,Secured Personal Loan - Gold Backed,Regular,685,42,35,Self-Employed,60,78.0,,Verified,No,B,Processing in progress at week end.
SPL-044,CUST-2444,OFF001,Application Received and Registration,completed,2025-01-06T09:47:00,695000,890000,Property,Secured Personal Loan - Salaried,Regular,745,42,35,Salaried,60,79.0,,,,B,Step 1 completed.
SPL-044,CUST-2444,OFF001,Initial Screening and Data Capture,pending,2025-01-06T10:47:00,695000,890000,Property,Secured Personal Loan - Salaried,Regular,745,42,35,Salaried,60,79.0,,,,B,Processing in progress at week end.
SPL-045,CUST-2445,OFF002,Application Received and Registration,completed,2025-01-07T09:50:00,385000,495000,Property,Secured Personal Loan - Salaried,Regular,715,42,35,Salaried,60,80.0,,,,B,Step 1 completed.
SPL-045,CUST-2445,OFF002,Initial Screening and Data Capture,completed,2025-01-07T10:50:00,385000,495000,Property,Secured Personal Loan - Salaried,Regular,715,42,35,Salaried,60,80.0,,,,B,Step 2 completed.
SPL-045,CUST-2445,OFF002,Customer KYC and AML Verification,pending,2025-01-07T11:50:00,385000,495000,Property,Secured Personal Loan - Salaried,Regular,715,42,35,Salaried,60,80.0,,Verified,No,B,Processing in progress at week end.
SPL-046,CUST-2446,OFF004,Application Received and Registration,completed,2025-01-09T09:53:00,1560000,1950000,Property,Secured Personal Loan - Salaried,Regular,660,42,35,Salaried,60,81.0,,,,C,Step 1 completed.
SPL-046,CUST-2446,OFF004,Initial Screening and Data Capture,pending,2025-01-09T10:53:00,1560000,1950000,Property,Secured Personal Loan - Salaried,Regular,660,42,35,Salaried,60,81.0,,,,C,Processing in progress at week end.
SPL-047,CUST-2447,OFF005,Application Received and Registration,completed,2025-01-10T09:56:00,215000,280000,Gold,Secured Personal Loan - Gold Backed,Regular,692,42,35,Self-Employed,60,82.0,,,,B,Step 1 completed.
SPL-047,CUST-2447,OFF005,Initial Screening and Data Capture,completed,2025-01-10T10:56:00,215000,280000,Gold,Secured Personal Loan - Gold Backed,Regular,692,42,35,Self-Employed,60,82.0,,,,B,Step 2 completed.
SPL-047,CUST-2447,OFF005,Customer KYC and AML Verification,pending,2025-01-10T11:56:00,215000,280000,Gold,Secured Personal Loan - Gold Backed,Regular,692,42,35,Self-Employed,60,82.0,,Verified,No,B,Processing in progress at week end.
SPL-048,CUST-2448,OFF001,Application Received and Registration,completed,2025-01-06T09:59:00,755000,965000,Property,Secured Personal Loan - Salaried,Regular,738,42,35,Salaried,60,83.0,,,,B,Step 1 completed.
SPL-048,CUST-2448,OFF001,Initial Screening and Data Capture,pending,2025-01-06T10:59:00,755000,965000,Property,Secured Personal Loan - Salaried,Regular,738,42,35,Salaried,60,83.0,,,,B,Processing in progress at week end.
SPL-049,CUST-2449,OFF002,Application Received and Registration,completed,2025-01-07T09:02:00,425000,545000,Property,Secured Personal Loan - Salaried,Regular,722,42,35,Salaried,60,84.0,,,,B,Step 1 completed.
SPL-049,CUST-2449,OFF002,Initial Screening and Data Capture,completed,2025-01-07T10:02:00,425000,545000,Property,Secured Personal Loan - Salaried,Regular,722,42,35,Salaried,60,84.0,,,,B,Step 2 completed.
SPL-049,CUST-2449,OFF002,Customer KYC and AML Verification,pending,2025-01-07T11:02:00,425000,545000,Property,Secured Personal Loan - Salaried,Regular,722,42,35,Salaried,60,84.0,,Verified,No,B,Processing in progress at week end.
SPL-050,CUST-2450,OFF003,Application Received and Registration,completed,2025-01-10T09:15:00,580000,740000,Property,Secured Personal Loan - Salaried,Regular,718,42,35,Salaried,60,75.0,,,,B,Step 1 completed.
SPL-050,CUST-2450,OFF003,Initial Screening and Data Capture,pending,2025-01-10T10:15:00,580000,740000,Property,Secured Personal Loan - Salaried,Regular,718,42,35,Salaried,60,75.0,,,,B,Processing in progress at week end.
